0,-24509.8,0,-24509.8,0, ,,,,,,Bubble E,-5893.85,,Bubble B,-5813.99
2,-15788.82,0.59,-15884.65,0.58, ,,AV offset B,-18615.95,18615.95,,,2827.13,,,2811.16
5,-15549.23,0.6,-15692.98,0.59, ,,AV offset D,-18695.81,18695.81,,,3066.72,,,3002.83
8,-15357.56,0.62,-15549.23,0.6, ,,,,,,,3258.39,,,3146.58
10,-15165.89,0.63,-15405.48,0.61, ,,,B,E,,,3450.06,,,3290.33
13,-14926.3,0.65,-15261.73,0.62, ,,At 80,8082.08,8098.06,,,3689.65,,,3434.08
16,-14782.55,0.65,-15165.89,0.63, ,,AV after 80,19272.75813,19270.73669,,,3833.4,,,3529.92
19,-14638.8,0.66,-15022.14,0.64, ,,Max,19534.37,19502.42,,,3977.15,,,3673.67
22,-14542.96,0.67,-14974.22,0.64, ,,Std after 80,901.6927889,923.9189633,,,4072.99,,,3721.59
24,-14447.13,0.68,-14878.39,0.65, ,,,,,,,4168.82,,,3817.42
27,-14351.29,0.68,-14830.47,0.65, ,,,,,,,4264.66,,,3865.34
30,-14255.46,0.69,-14782.55,0.65, ,,,,,,,4360.49,,,3913.26
33,-14207.54,0.69,-14734.63,0.66, ,,,,,,,4408.41,,,3961.18
36,-14159.62,0.7,-14686.71,0.66, ,,,,,,,4456.33,,,4009.1
39,-14159.62,0.7,-14686.71,0.66, ,,,,,,,4456.33,,,4009.1
42,-14159.62,0.7,-14686.71,0.66, ,,,,,,,4456.33,,,4009.1
45,-14159.62,0.7,-14686.71,0.66, ,,,,,,,4456.33,,,4009.1
48,-14159.62,0.7,-14495.04,0.67, ,,,,,,,4456.33,,,4200.77
51,-14015.87,0.71,-14255.46,0.69, ,,,,,,,4600.08,,,4440.35
53,-13632.53,0.73,-13872.12,0.72, ,,,,,,,4983.42,,,4823.69
56,-13249.19,0.76,-13440.86,0.75, ,,,,,,,5366.76,,,5254.95
59,-12913.77,0.78,-13105.44,0.77, ,,,,,,,5702.18,,,5590.37
62,-12578.34,0.8,-12722.1,0.79, ,,,,,,,6037.61,,,5973.71
65,-12242.92,0.83,-12338.76,0.82, ,,,,,,,6373.03,,,6357.05
67,-12051.25,0.84,-12147.09,0.83, ,,,,,,,6564.7,,,6548.72
70,-11715.83,0.86,-11811.67,0.85, ,,,,,,,6900.12,,,6884.14
73,-11380.41,0.88,-11524.16,0.87, ,,,,,,,7235.54,,,7171.65
76,-11092.9,0.9,-11188.74,0.9, ,,,,,,,7523.05,,,7507.07
79,-10805.4,0.92,-10853.31,0.92, ,,,,,,,7810.55,,,7842.5
82,-10517.89,0.94,-10613.73,0.94, ,,,,,,,8098.06,,,8082.08
92,-9607.46,1,-9607.46,1, ,,,,,,,9008.49,,,9088.35
102,-8792.86,1.06,-8888.7,1.05, ,,,,,,,9823.09,,,9807.11
112,-8026.18,1.11,-7978.26,1.11, ,,,,,,,10589.77,,,10717.55
122,-7355.34,1.15,-7259.5,1.16, ,,,,,,,11260.61,,,11436.31
132,-6732.41,1.2,-6636.57,1.2, ,,,,,,,11883.54,,,12059.24
142,-6157.4,1.24,-6013.65,1.25, ,,,,,,,12458.55,,,12682.16
152,-5630.31,1.27,-5486.55,1.28, ,,,,,,,12985.64,,,13209.26
162,-5151.13,1.3,-4959.46,1.32, ,,,,,,,13464.82,,,13736.35
172,-4719.87,1.33,-4576.12,1.34, ,,,,,,,13896.08,,,14119.69
182,-4288.62,1.36,-4144.86,1.37, ,,,,,,,14327.33,,,14550.95
192,-3905.28,1.39,-3761.52,1.4, ,,,,,,,14710.67,,,14934.29
202,-3569.85,1.41,-3426.1,1.42, ,,,,,,,15046.1,,,15269.71
212,-3282.35,1.43,-3090.68,1.44, ,,,,,,,15333.6,,,15605.13
222,-2946.93,1.45,-2803.17,1.46, ,,,,,,,15669.02,,,15892.64
232,-2707.34,1.47,-2515.67,1.48, ,,,,,,,15908.61,,,16180.14
242,-2419.83,1.49,-2276.08,1.5, ,,,,,,,16196.12,,,16419.73
252,-2228.16,1.5,-2036.49,1.51, ,,,,,,,16387.79,,,16659.32
262,-1988.58,1.52,-1796.91,1.53, ,,,,,,,16627.37,,,16898.9
272,-1796.91,1.53,-1605.24,1.54, ,,,,,,,16819.04,,,17090.57
282,-1605.24,1.54,-1461.48,1.55, ,,,,,,,17010.71,,,17234.33
292,-1461.48,1.55,-1317.73,1.56, ,,,,,,,17154.47,,,17378.08
302,-1269.81,1.56,-1126.06,1.57, ,,,,,,,17346.14,,,17569.75
312,-1126.06,1.57,-934.39,1.59, ,,,,,,,17489.89,,,17761.42
322,-982.31,1.58,-838.56,1.59, ,,,,,,,17633.64,,,17857.25
332,-886.47,1.59,-742.72,1.6, ,,,,,,,17729.48,,,17953.09
342,-790.64,1.6,-646.89,1.61, ,,,,,,,17825.31,,,18048.92
352,-646.89,1.61,-551.05,1.61, ,,,,,,,17969.06,,,18144.76
362,-551.05,1.61,-455.22,1.62, ,,,,,,,18064.9,,,18240.59
372,-455.22,1.62,-359.38,1.63, ,,,,,,,18160.73,,,18336.43
382,-359.38,1.63,-263.55,1.63, ,,,,,,,18256.57,,,18432.26
392,-311.46,1.63,-263.55,1.63, ,,,,,,,18304.49,,,18432.26
402,-263.55,1.63,-167.71,1.64, ,,,,,,,18352.4,,,18528.1
412,-215.63,1.64,-71.88,1.65, ,,,,,,,18400.32,,,18623.93
422,-71.88,1.65,-23.96,1.65, ,,,,,,,18544.07,,,18671.85
432,-71.88,1.65,23.96,1.65, ,,,,,,,18544.07,,,18719.77
442,-23.96,1.65,71.88,1.65, ,,,,,,,18591.99,,,18767.69
452,23.96,1.65,-23.96,1.65, ,,,,,,,18639.91,,,18671.85
462,71.88,1.65,119.79,1.66, ,,,,,,,18687.83,,,18815.6
472,119.79,1.66,215.63,1.66, ,,,,,,,18735.74,,,18911.44
482,167.71,1.66,215.63,1.66, ,,,,,,,18783.66,,,18911.44
492,215.63,1.66,215.63,1.66, ,,,,,,,18831.58,,,18911.44
502,263.55,1.67,263.55,1.67, ,,,,,,,18879.5,,,18959.36
512,263.55,1.67,311.46,1.67, ,,,,,,,18879.5,,,19007.27
522,311.46,1.67,359.38,1.67, ,,,,,,,18927.41,,,19055.19
532,359.38,1.67,263.55,1.67, ,,,,,,,18975.33,,,18959.36
542,359.38,1.67,311.46,1.67, ,,,,,,,18975.33,,,19007.27
552,407.3,1.68,407.3,1.68, ,,,,,,,19023.25,,,19103.11
562,407.3,1.68,263.55,1.67, ,,,,,,,19023.25,,,18959.36
572,407.3,1.68,455.22,1.68, ,,,,,,,19023.25,,,19151.03
582,455.22,1.68,455.22,1.68, ,,,,,,,19071.17,,,19151.03
592,455.22,1.68,455.22,1.68, ,,,,,,,19071.17,,,19151.03
602,455.22,1.68,503.13,1.68, ,,,,,,,19071.17,,,19198.94
612,503.13,1.68,359.38,1.67, ,,,,,,,19119.08,,,19055.19
622,551.05,1.69,503.13,1.68, ,,,,,,,19167,,,19198.94
632,503.13,1.68,551.05,1.69, ,,,,,,,19119.08,,,19246.86
642,551.05,1.69,407.3,1.68, ,,,,,,,19167,,,19103.11
652,551.05,1.69,551.05,1.69, ,,,,,,,19167,,,19246.86
662,551.05,1.69,551.05,1.69, ,,,,,,,19167,,,19246.86
672,598.97,1.69,598.97,1.69, ,,,,,,,19214.92,,,19294.78
682,598.97,1.69,598.97,1.69, ,,,,,,,19214.92,,,19294.78
692,598.97,1.69,598.97,1.69, ,,,,,,,19214.92,,,19294.78
702,598.97,1.69,598.97,1.69, ,,,,,,,19214.92,,,19294.78
712,598.97,1.69,598.97,1.69, ,,,,,,,19214.92,,,19294.78
722,646.89,1.69,598.97,1.69, ,,,,,,,19262.84,,,19294.78
732,646.89,1.69,598.97,1.69, ,,,,,,,19262.84,,,19294.78
742,646.89,1.69,646.89,1.69, ,,,,,,,19262.84,,,19342.7
752,646.89,1.69,646.89,1.69, ,,,,,,,19262.84,,,19342.7
762,646.89,1.69,646.89,1.69, ,,,,,,,19262.84,,,19342.7
772,694.8,1.7,646.89,1.69, ,,,,,,,19310.75,,,19342.7
782,646.89,1.69,646.89,1.69, ,,,,,,,19262.84,,,19342.7
792,694.8,1.7,646.89,1.69, ,,,,,,,19310.75,,,19342.7
802,694.8,1.7,503.13,1.68, ,,,,,,,19310.75,,,19198.94
812,694.8,1.7,646.89,1.69, ,,,,,,,19310.75,,,19342.7
822,694.8,1.7,646.89,1.69, ,,,,,,,19310.75,,,19342.7
832,694.8,1.7,646.89,1.69, ,,,,,,,19310.75,,,19342.7
842,694.8,1.7,694.8,1.7, ,,,,,,,19310.75,,,19390.61
852,694.8,1.7,646.89,1.69, ,,,,,,,19310.75,,,19342.7
862,694.8,1.7,694.8,1.7, ,,,,,,,19310.75,,,19390.61
872,742.72,1.7,646.89,1.69, ,,,,,,,19358.67,,,19342.7
882,694.8,1.7,742.72,1.7, ,,,,,,,19310.75,,,19438.53
892,694.8,1.7,598.97,1.69, ,,,,,,,19310.75,,,19294.78
902,742.72,1.7,694.8,1.7, ,,,,,,,19358.67,,,19390.61
912,742.72,1.7,694.8,1.7, ,,,,,,,19358.67,,,19390.61
922,742.72,1.7,694.8,1.7, ,,,,,,,19358.67,,,19390.61
932,742.72,1.7,694.8,1.7, ,,,,,,,19358.67,,,19390.61
942,742.72,1.7,694.8,1.7, ,,,,,,,19358.67,,,19390.61
952,742.72,1.7,694.8,1.7, ,,,,,,,19358.67,,,19390.61
962,742.72,1.7,694.8,1.7, ,,,,,,,19358.67,,,19390.61
972,742.72,1.7,694.8,1.7, ,,,,,,,19358.67,,,19390.61
982,742.72,1.7,694.8,1.7, ,,,,,,,19358.67,,,19390.61
992,742.72,1.7,694.8,1.7, ,,,,,,,19358.67,,,19390.61
1002,742.72,1.7,742.72,1.7, ,,,,,,,19358.67,,,19438.53
1012,742.72,1.7,215.63,1.66, ,,,,,,,19358.67,,,18911.44
1022,742.72,1.7,694.8,1.7, ,,,,,,,19358.67,,,19390.61
1032,742.72,1.7,694.8,1.7, ,,,,,,,19358.67,,,19390.61
1042,742.72,1.7,742.72,1.7, ,,,,,,,19358.67,,,19438.53
1052,742.72,1.7,742.72,1.7, ,,,,,,,19358.67,,,19438.53
1062,790.64,1.7,694.8,1.7, ,,,,,,,19406.59,,,19390.61
1072,790.64,1.7,694.8,1.7, ,,,,,,,19406.59,,,19390.61
1082,742.72,1.7,694.8,1.7, ,,,,,,,19358.67,,,19390.61
1092,742.72,1.7,742.72,1.7, ,,,,,,,19358.67,,,19438.53
1102,742.72,1.7,694.8,1.7, ,,,,,,,19358.67,,,19390.61
1112,742.72,1.7,694.8,1.7, ,,,,,,,19358.67,,,19390.61
1122,790.64,1.7,742.72,1.7, ,,,,,,,19406.59,,,19438.53
1132,790.64,1.7,742.72,1.7, ,,,,,,,19406.59,,,19438.53
1142,790.64,1.7,742.72,1.7, ,,,,,,,19406.59,,,19438.53
1152,790.64,1.7,742.72,1.7, ,,,,,,,19406.59,,,19438.53
1162,790.64,1.7,742.72,1.7, ,,,,,,,19406.59,,,19438.53
1172,742.72,1.7,790.64,1.7, ,,,,,,,19358.67,,,19486.45
1182,742.72,1.7,742.72,1.7, ,,,,,,,19358.67,,,19438.53
1192,790.64,1.7,742.72,1.7, ,,,,,,,19406.59,,,19438.53
1202,790.64,1.7,694.8,1.7, ,,,,,,,19406.59,,,19390.61
1212,790.64,1.7,694.8,1.7, ,,,,,,,19406.59,,,19390.61
1222,790.64,1.7,742.72,1.7, ,,,,,,,19406.59,,,19438.53
1232,790.64,1.7,790.64,1.7, ,,,,,,,19406.59,,,19486.45
1242,790.64,1.7,694.8,1.7, ,,,,,,,19406.59,,,19390.61
1252,790.64,1.7,742.72,1.7, ,,,,,,,19406.59,,,19438.53
1262,790.64,1.7,694.8,1.7, ,,,,,,,19406.59,,,19390.61
1272,790.64,1.7,742.72,1.7, ,,,,,,,19406.59,,,19438.53
1282,790.64,1.7,742.72,1.7, ,,,,,,,19406.59,,,19438.53
1292,742.72,1.7,742.72,1.7, ,,,,,,,19358.67,,,19438.53
1302,742.72,1.7,742.72,1.7, ,,,,,,,19358.67,,,19438.53
1312,790.64,1.7,455.22,1.68, ,,,,,,,19406.59,,,19151.03
1322,790.64,1.7,359.38,1.67, ,,,,,,,19406.59,,,19055.19
1332,790.64,1.7,551.05,1.69, ,,,,,,,19406.59,,,19246.86
1342,790.64,1.7,694.8,1.7, ,,,,,,,19406.59,,,19390.61
1352,790.64,1.7,742.72,1.7, ,,,,,,,19406.59,,,19438.53
1362,790.64,1.7,742.72,1.7, ,,,,,,,19406.59,,,19438.53
1372,790.64,1.7,790.64,1.7, ,,,,,,,19406.59,,,19486.45
1382,790.64,1.7,742.72,1.7, ,,,,,,,19406.59,,,19438.53
1392,790.64,1.7,694.8,1.7, ,,,,,,,19406.59,,,19390.61
1402,790.64,1.7,742.72,1.7, ,,,,,,,19406.59,,,19438.53
1412,790.64,1.7,694.8,1.7, ,,,,,,,19406.59,,,19390.61
1422,790.64,1.7,742.72,1.7, ,,,,,,,19406.59,,,19438.53
1432,790.64,1.7,790.64,1.7, ,,,,,,,19406.59,,,19486.45
1442,742.72,1.7,790.64,1.7, ,,,,,,,19358.67,,,19486.45
1452,742.72,1.7,598.97,1.69, ,,,,,,,19358.67,,,19294.78
1462,790.64,1.7,694.8,1.7, ,,,,,,,19406.59,,,19390.61
1472,742.72,1.7,742.72,1.7, ,,,,,,,19358.67,,,19438.53
1482,790.64,1.7,742.72,1.7, ,,,,,,,19406.59,,,19438.53
1492,790.64,1.7,790.64,1.7, ,,,,,,,19406.59,,,19486.45
1502,742.72,1.7,742.72,1.7, ,,,,,,,19358.67,,,19438.53
1512,790.64,1.7,694.8,1.7, ,,,,,,,19406.59,,,19390.61
1522,790.64,1.7,742.72,1.7, ,,,,,,,19406.59,,,19438.53
1532,742.72,1.7,742.72,1.7, ,,,,,,,19358.67,,,19438.53
1542,742.72,1.7,742.72,1.7, ,,,,,,,19358.67,,,19438.53
1552,790.64,1.7,790.64,1.7, ,,,,,,,19406.59,,,19486.45
1562,742.72,1.7,742.72,1.7, ,,,,,,,19358.67,,,19438.53
1572,742.72,1.7,646.89,1.69, ,,,,,,,19358.67,,,19342.7
1582,790.64,1.7,694.8,1.7, ,,,,,,,19406.59,,,19390.61
1592,742.72,1.7,742.72,1.7, ,,,,,,,19358.67,,,19438.53
1602,790.64,1.7,790.64,1.7, ,,,,,,,19406.59,,,19486.45
1612,790.64,1.7,742.72,1.7, ,,,,,,,19406.59,,,19438.53
1622,790.64,1.7,742.72,1.7, ,,,,,,,19406.59,,,19438.53
1632,742.72,1.7,742.72,1.7, ,,,,,,,19358.67,,,19438.53
1642,742.72,1.7,742.72,1.7, ,,,,,,,19358.67,,,19438.53
1652,790.64,1.7,646.89,1.69, ,,,,,,,19406.59,,,19342.7
1662,790.64,1.7,694.8,1.7, ,,,,,,,19406.59,,,19390.61
1672,790.64,1.7,742.72,1.7, ,,,,,,,19406.59,,,19438.53
1682,790.64,1.7,694.8,1.7, ,,,,,,,19406.59,,,19390.61
1692,790.64,1.7,742.72,1.7, ,,,,,,,19406.59,,,19438.53
1702,790.64,1.7,790.64,1.7, ,,,,,,,19406.59,,,19486.45
1712,790.64,1.7,742.72,1.7, ,,,,,,,19406.59,,,19438.53
1722,790.64,1.7,694.8,1.7, ,,,,,,,19406.59,,,19390.61
1732,790.64,1.7,742.72,1.7, ,,,,,,,19406.59,,,19438.53
1742,790.64,1.7,742.72,1.7, ,,,,,,,19406.59,,,19438.53
1752,790.64,1.7,742.72,1.7, ,,,,,,,19406.59,,,19438.53
1762,790.64,1.7,742.72,1.7, ,,,,,,,19406.59,,,19438.53
1772,790.64,1.7,694.8,1.7, ,,,,,,,19406.59,,,19390.61
1782,790.64,1.7,742.72,1.7, ,,,,,,,19406.59,,,19438.53
1792,790.64,1.7,742.72,1.7, ,,,,,,,19406.59,,,19438.53
1802,790.64,1.7,742.72,1.7, ,,,,,,,19406.59,,,19438.53
1812,790.64,1.7,694.8,1.7, ,,,,,,,19406.59,,,19390.61
1822,790.64,1.7,742.72,1.7, ,,,,,,,19406.59,,,19438.53
1832,742.72,1.7,742.72,1.7, ,,,,,,,19358.67,,,19438.53
1842,790.64,1.7,742.72,1.7, ,,,,,,,19406.59,,,19438.53
1852,790.64,1.7,551.05,1.69, ,,,,,,,19406.59,,,19246.86
1862,742.72,1.7,694.8,1.7, ,,,,,,,19358.67,,,19390.61
1872,790.64,1.7,694.8,1.7, ,,,,,,,19406.59,,,19390.61
1882,790.64,1.7,742.72,1.7, ,,,,,,,19406.59,,,19438.53
1892,790.64,1.7,742.72,1.7, ,,,,,,,19406.59,,,19438.53
1902,790.64,1.7,694.8,1.7, ,,,,,,,19406.59,,,19390.61
1912,790.64,1.7,694.8,1.7, ,,,,,,,19406.59,,,19390.61
1922,742.72,1.7,694.8,1.7, ,,,,,,,19358.67,,,19390.61
1932,790.64,1.7,742.72,1.7, ,,,,,,,19406.59,,,19438.53
1942,742.72,1.7,790.64,1.7, ,,,,,,,19358.67,,,19486.45
1952,790.64,1.7,407.3,1.68, ,,,,,,,19406.59,,,19103.11
1962,790.64,1.7,694.8,1.7, ,,,,,,,19406.59,,,19390.61
1972,742.72,1.7,742.72,1.7, ,,,,,,,19358.67,,,19438.53
1982,790.64,1.7,790.64,1.7, ,,,,,,,19406.59,,,19486.45
1992,742.72,1.7,694.8,1.7, ,,,,,,,19358.67,,,19390.61
2002,742.72,1.7,742.72,1.7, ,,,,,,,19358.67,,,19438.53
2012,742.72,1.7,742.72,1.7, ,,,,,,,19358.67,,,19438.53
2022,742.72,1.7,646.89,1.69, ,,,,,,,19358.67,,,19342.7
2032,742.72,1.7,694.8,1.7, ,,,,,,,19358.67,,,19390.61
2042,742.72,1.7,694.8,1.7, ,,,,,,,19358.67,,,19390.61
2052,742.72,1.7,742.72,1.7, ,,,,,,,19358.67,,,19438.53
2062,790.64,1.7,694.8,1.7, ,,,,,,,19406.59,,,19390.61
2072,742.72,1.7,742.72,1.7, ,,,,,,,19358.67,,,19438.53
2082,790.64,1.7,694.8,1.7, ,,,,,,,19406.59,,,19390.61
2092,742.72,1.7,694.8,1.7, ,,,,,,,19358.67,,,19390.61
2102,742.72,1.7,455.22,1.68, ,,,,,,,19358.67,,,19151.03
2112,742.72,1.7,694.8,1.7, ,,,,,,,19358.67,,,19390.61
2122,742.72,1.7,742.72,1.7, ,,,,,,,19358.67,,,19438.53
2132,742.72,1.7,742.72,1.7, ,,,,,,,19358.67,,,19438.53
2142,790.64,1.7,742.72,1.7, ,,,,,,,19406.59,,,19438.53
2152,742.72,1.7,742.72,1.7, ,,,,,,,19358.67,,,19438.53
2162,742.72,1.7,742.72,1.7, ,,,,,,,19358.67,,,19438.53
2172,742.72,1.7,742.72,1.7, ,,,,,,,19358.67,,,19438.53
2182,790.64,1.7,694.8,1.7, ,,,,,,,19406.59,,,19390.61
2192,742.72,1.7,742.72,1.7, ,,,,,,,19358.67,,,19438.53
2202,742.72,1.7,742.72,1.7, ,,,,,,,19358.67,,,19438.53
2212,742.72,1.7,742.72,1.7, ,,,,,,,19358.67,,,19438.53
2222,742.72,1.7,694.8,1.7, ,,,,,,,19358.67,,,19390.61
2232,790.64,1.7,742.72,1.7, ,,,,,,,19406.59,,,19438.53
2242,790.64,1.7,790.64,1.7, ,,,,,,,19406.59,,,19486.45
2252,742.72,1.7,455.22,1.68, ,,,,,,,19358.67,,,19151.03
2262,742.72,1.7,742.72,1.7, ,,,,,,,19358.67,,,19438.53
2272,742.72,1.7,742.72,1.7, ,,,,,,,19358.67,,,19438.53
2282,790.64,1.7,742.72,1.7, ,,,,,,,19406.59,,,19438.53
2292,790.64,1.7,694.8,1.7, ,,,,,,,19406.59,,,19390.61
2302,742.72,1.7,742.72,1.7, ,,,,,,,19358.67,,,19438.53
2312,742.72,1.7,742.72,1.7, ,,,,,,,19358.67,,,19438.53
2322,790.64,1.7,694.8,1.7, ,,,,,,,19406.59,,,19390.61
2332,790.64,1.7,694.8,1.7, ,,,,,,,19406.59,,,19390.61
2342,790.64,1.7,742.72,1.7, ,,,,,,,19406.59,,,19438.53
2352,790.64,1.7,694.8,1.7, ,,,,,,,19406.59,,,19390.61
2362,790.64,1.7,742.72,1.7, ,,,,,,,19406.59,,,19438.53
2372,742.72,1.7,742.72,1.7, ,,,,,,,19358.67,,,19438.53
2382,790.64,1.7,790.64,1.7, ,,,,,,,19406.59,,,19486.45
2392,790.64,1.7,742.72,1.7, ,,,,,,,19406.59,,,19438.53
2402,790.64,1.7,742.72,1.7, ,,,,,,,19406.59,,,19438.53
2412,790.64,1.7,742.72,1.7, ,,,,,,,19406.59,,,19438.53
2422,790.64,1.7,790.64,1.7, ,,,,,,,19406.59,,,19486.45
2432,742.72,1.7,694.8,1.7, ,,,,,,,19358.67,,,19390.61
2442,790.64,1.7,694.8,1.7, ,,,,,,,19406.59,,,19390.61
2452,742.72,1.7,790.64,1.7, ,,,,,,,19358.67,,,19486.45
2462,790.64,1.7,742.72,1.7, ,,,,,,,19406.59,,,19438.53
2472,790.64,1.7,167.71,1.66, ,,,,,,,19406.59,,,18863.52
2482,790.64,1.7,742.72,1.7, ,,,,,,,19406.59,,,19438.53
2492,790.64,1.7,742.72,1.7, ,,,,,,,19406.59,,,19438.53
2502,790.64,1.7,790.64,1.7, ,,,,,,,19406.59,,,19486.45
2512,790.64,1.7,694.8,1.7, ,,,,,,,19406.59,,,19390.61
2522,790.64,1.7,694.8,1.7, ,,,,,,,19406.59,,,19390.61
2532,790.64,1.7,694.8,1.7, ,,,,,,,19406.59,,,19390.61
2542,790.64,1.7,790.64,1.7, ,,,,,,,19406.59,,,19486.45
2552,742.72,1.7,455.22,1.68, ,,,,,,,19358.67,,,19151.03
2562,742.72,1.7,694.8,1.7, ,,,,,,,19358.67,,,19390.61
2572,742.72,1.7,742.72,1.7, ,,,,,,,19358.67,,,19438.53
2582,742.72,1.7,742.72,1.7, ,,,,,,,19358.67,,,19438.53
2592,790.64,1.7,694.8,1.7, ,,,,,,,19406.59,,,19390.61
2602,790.64,1.7,742.72,1.7, ,,,,,,,19406.59,,,19438.53
2612,742.72,1.7,742.72,1.7, ,,,,,,,19358.67,,,19438.53
2622,790.64,1.7,215.63,1.66, ,,,,,,,19406.59,,,18911.44
2632,790.64,1.7,742.72,1.7, ,,,,,,,19406.59,,,19438.53
2642,742.72,1.7,742.72,1.7, ,,,,,,,19358.67,,,19438.53
2652,742.72,1.7,790.64,1.7, ,,,,,,,19358.67,,,19486.45
2662,742.72,1.7,742.72,1.7, ,,,,,,,19358.67,,,19438.53
2672,742.72,1.7,694.8,1.7, ,,,,,,,19358.67,,,19390.61
2682,790.64,1.7,742.72,1.7, ,,,,,,,19406.59,,,19438.53
2692,790.64,1.7,742.72,1.7, ,,,,,,,19406.59,,,19438.53
2702,790.64,1.7,598.97,1.69, ,,,,,,,19406.59,,,19294.78
2712,790.64,1.7,694.8,1.7, ,,,,,,,19406.59,,,19390.61
2722,790.64,1.7,694.8,1.7, ,,,,,,,19406.59,,,19390.61
2732,790.64,1.7,742.72,1.7, ,,,,,,,19406.59,,,19438.53
2742,790.64,1.7,694.8,1.7, ,,,,,,,19406.59,,,19390.61
2752,790.64,1.7,742.72,1.7, ,,,,,,,19406.59,,,19438.53
2762,790.64,1.7,790.64,1.7, ,,,,,,,19406.59,,,19486.45
2772,790.64,1.7,694.8,1.7, ,,,,,,,19406.59,,,19390.61
2782,790.64,1.7,694.8,1.7, ,,,,,,,19406.59,,,19390.61
2792,790.64,1.7,742.72,1.7, ,,,,,,,19406.59,,,19438.53
2802,790.64,1.7,742.72,1.7, ,,,,,,,19406.59,,,19438.53
2812,790.64,1.7,742.72,1.7, ,,,,,,,19406.59,,,19438.53
2822,742.72,1.7,694.8,1.7, ,,,,,,,19358.67,,,19390.61
2832,790.64,1.7,694.8,1.7, ,,,,,,,19406.59,,,19390.61
2842,790.64,1.7,742.72,1.7, ,,,,,,,19406.59,,,19438.53
2852,742.72,1.7,694.8,1.7, ,,,,,,,19358.67,,,19390.61
2862,790.64,1.7,311.46,1.67, ,,,,,,,19406.59,,,19007.27
2872,790.64,1.7,694.8,1.7, ,,,,,,,19406.59,,,19390.61
2882,790.64,1.7,742.72,1.7, ,,,,,,,19406.59,,,19438.53
2892,790.64,1.7,742.72,1.7, ,,,,,,,19406.59,,,19438.53
2902,790.64,1.7,742.72,1.7, ,,,,,,,19406.59,,,19438.53
2912,790.64,1.7,742.72,1.7, ,,,,,,,19406.59,,,19438.53
2922,790.64,1.7,742.72,1.7, ,,,,,,,19406.59,,,19438.53
2932,790.64,1.7,694.8,1.7, ,,,,,,,19406.59,,,19390.61
2942,790.64,1.7,167.71,1.66, ,,,,,,,19406.59,,,18863.52
2952,790.64,1.7,694.8,1.7, ,,,,,,,19406.59,,,19390.61
2962,790.64,1.7,694.8,1.7, ,,,,,,,19406.59,,,19390.61
2972,790.64,1.7,742.72,1.7, ,,,,,,,19406.59,,,19438.53
2982,790.64,1.7,742.72,1.7, ,,,,,,,19406.59,,,19438.53
2992,790.64,1.7,694.8,1.7, ,,,,,,,19406.59,,,19390.61
3002,790.64,1.7,742.72,1.7, ,,,,,,,19406.59,,,19438.53
3012,790.64,1.7,742.72,1.7, ,,,,,,,19406.59,,,19438.53
3022,790.64,1.7,742.72,1.7, ,,,,,,,19406.59,,,19438.53
3032,790.64,1.7,742.72,1.7, ,,,,,,,19406.59,,,19438.53
3042,790.64,1.7,311.46,1.67, ,,,,,,,19406.59,,,19007.27
3052,790.64,1.7,646.89,1.69, ,,,,,,,19406.59,,,19342.7
3062,790.64,1.7,742.72,1.7, ,,,,,,,19406.59,,,19438.53
3072,790.64,1.7,742.72,1.7, ,,,,,,,19406.59,,,19438.53
3082,790.64,1.7,742.72,1.7, ,,,,,,,19406.59,,,19438.53
3092,790.64,1.7,742.72,1.7, ,,,,,,,19406.59,,,19438.53
3102,790.64,1.7,742.72,1.7, ,,,,,,,19406.59,,,19438.53
3112,790.64,1.7,742.72,1.7, ,,,,,,,19406.59,,,19438.53
3122,790.64,1.7,790.64,1.7, ,,,,,,,19406.59,,,19486.45
3132,790.64,1.7,790.64,1.7, ,,,,,,,19406.59,,,19486.45
3142,790.64,1.7,694.8,1.7, ,,,,,,,19406.59,,,19390.61
3152,838.56,1.71,742.72,1.7, ,,,,,,,19454.51,,,19438.53
3162,838.56,1.71,742.72,1.7, ,,,,,,,19454.51,,,19438.53
3172,790.64,1.7,742.72,1.7, ,,,,,,,19406.59,,,19438.53
3182,790.64,1.7,790.64,1.7, ,,,,,,,19406.59,,,19486.45
3192,838.56,1.71,742.72,1.7, ,,,,,,,19454.51,,,19438.53
3202,838.56,1.71,742.72,1.7, ,,,,,,,19454.51,,,19438.53
3212,838.56,1.71,742.72,1.7, ,,,,,,,19454.51,,,19438.53
3222,838.56,1.71,742.72,1.7, ,,,,,,,19454.51,,,19438.53
3232,790.64,1.7,742.72,1.7, ,,,,,,,19406.59,,,19438.53
3242,838.56,1.71,742.72,1.7, ,,,,,,,19454.51,,,19438.53
3252,838.56,1.71,742.72,1.7, ,,,,,,,19454.51,,,19438.53
3262,790.64,1.7,790.64,1.7, ,,,,,,,19406.59,,,19486.45
3272,790.64,1.7,694.8,1.7, ,,,,,,,19406.59,,,19390.61
3282,838.56,1.71,503.13,1.68, ,,,,,,,19454.51,,,19198.94
3292,790.64,1.7,694.8,1.7, ,,,,,,,19406.59,,,19390.61
3302,838.56,1.71,742.72,1.7, ,,,,,,,19454.51,,,19438.53
3312,838.56,1.71,742.72,1.7, ,,,,,,,19454.51,,,19438.53
3322,790.64,1.7,742.72,1.7, ,,,,,,,19406.59,,,19438.53
3332,790.64,1.7,742.72,1.7, ,,,,,,,19406.59,,,19438.53
3342,838.56,1.71,790.64,1.7, ,,,,,,,19454.51,,,19486.45
3352,838.56,1.71,790.64,1.7, ,,,,,,,19454.51,,,19486.45
3362,790.64,1.7,790.64,1.7, ,,,,,,,19406.59,,,19486.45
3372,838.56,1.71,790.64,1.7, ,,,,,,,19454.51,,,19486.45
3382,838.56,1.71,790.64,1.7, ,,,,,,,19454.51,,,19486.45
3392,838.56,1.71,790.64,1.7, ,,,,,,,19454.51,,,19486.45
3402,838.56,1.71,742.72,1.7, ,,,,,,,19454.51,,,19438.53
3412,838.56,1.71,790.64,1.7, ,,,,,,,19454.51,,,19486.45
3422,838.56,1.71,790.64,1.7, ,,,,,,,19454.51,,,19486.45
3432,838.56,1.71,790.64,1.7, ,,,,,,,19454.51,,,19486.45
3442,886.47,1.71,790.64,1.7, ,,,,,,,19502.42,,,19486.45
3452,886.47,1.71,790.64,1.7, ,,,,,,,19502.42,,,19486.45
3462,838.56,1.71,790.64,1.7, ,,,,,,,19454.51,,,19486.45
3472,838.56,1.71,790.64,1.7, ,,,,,,,19454.51,,,19486.45
3482,886.47,1.71,742.72,1.7, ,,,,,,,19502.42,,,19438.53
3492,838.56,1.71,790.64,1.7, ,,,,,,,19454.51,,,19486.45
3502,838.56,1.71,790.64,1.7, ,,,,,,,19454.51,,,19486.45
3512,838.56,1.71,838.56,1.71, ,,,,,,,19454.51,,,19534.37
3522,838.56,1.71,790.64,1.7, ,,,,,,,19454.51,,,19486.45
3532,838.56,1.71,790.64,1.7, ,,,,,,,19454.51,,,19486.45
3542,838.56,1.71,790.64,1.7, ,,,,,,,19454.51,,,19486.45
3552,838.56,1.71,790.64,1.7, ,,,,,,,19454.51,,,19486.45
3562,838.56,1.71,790.64,1.7, ,,,,,,,19454.51,,,19486.45
3572,838.56,1.71,742.72,1.7, ,,,,,,,19454.51,,,19438.53
3582,838.56,1.71,790.64,1.7, ,,,,,,,19454.51,,,19486.45
3592,838.56,1.71,742.72,1.7, ,,,,,,,19454.51,,,19438.53
3602,838.56,1.71,790.64,1.7, ,,,,,,,19454.51,,,19486.45
3612,838.56,1.71,742.72,1.7, ,,,,,,,19454.51,,,19438.53
3622,838.56,1.71,742.72,1.7, ,,,,,,,19454.51,,,19438.53
3632,838.56,1.71,742.72,1.7, ,,,,,,,19454.51,,,19438.53
3642,838.56,1.71,742.72,1.7, ,,,,,,,19454.51,,,19438.53
3652,838.56,1.71,694.8,1.7, ,,,,,,,19454.51,,,19390.61
3662,838.56,1.71,742.72,1.7, ,,,,,,,19454.51,,,19438.53
3672,838.56,1.71,742.72,1.7, ,,,,,,,19454.51,,,19438.53
3682,838.56,1.71,598.97,1.69, ,,,,,,,19454.51,,,19294.78
3692,838.56,1.71,694.8,1.7, ,,,,,,,19454.51,,,19390.61
3702,838.56,1.71,694.8,1.7, ,,,,,,,19454.51,,,19390.61
3712,838.56,1.71,598.97,1.69, ,,,,,,,19454.51,,,19294.78
3722,838.56,1.71,694.8,1.7, ,,,,,,,19454.51,,,19390.61
3732,838.56,1.71,551.05,1.69, ,,,,,,,19454.51,,,19246.86
3742,838.56,1.71,598.97,1.69, ,,,,,,,19454.51,,,19294.78
3752,838.56,1.71,455.22,1.68, ,,,,,,,19454.51,,,19151.03
3762,838.56,1.71,311.46,1.67, ,,,,,,,19454.51,,,19007.27
3772,838.56,1.71,742.72,1.7, ,,,,,,,19454.51,,,19438.53
3782,838.56,1.71,598.97,1.69, ,,,,,,,19454.51,,,19294.78
3792,838.56,1.71,215.63,1.66, ,,,,,,,19454.51,,,18911.44
3802,838.56,1.71,646.89,1.69, ,,,,,,,19454.51,,,19342.7
3812,838.56,1.71,359.38,1.67, ,,,,,,,19454.51,,,19055.19
3822,838.56,1.71,455.22,1.68, ,,,,,,,19454.51,,,19151.03
3832,838.56,1.71,694.8,1.7, ,,,,,,,19454.51,,,19390.61
3842,838.56,1.71,455.22,1.68, ,,,,,,,19454.51,,,19151.03
3852,838.56,1.71,311.46,1.67, ,,,,,,,19454.51,,,19007.27
3862,838.56,1.71,598.97,1.69, ,,,,,,,19454.51,,,19294.78
3872,838.56,1.71,646.89,1.69, ,,,,,,,19454.51,,,19342.7
3882,838.56,1.71,215.63,1.66, ,,,,,,,19454.51,,,18911.44
3892,838.56,1.71,598.97,1.69, ,,,,,,,19454.51,,,19294.78
3902,838.56,1.71,598.97,1.69, ,,,,,,,19454.51,,,19294.78
3912,838.56,1.71,311.46,1.67, ,,,,,,,19454.51,,,19007.27
3922,838.56,1.71,646.89,1.69, ,,,,,,,19454.51,,,19342.7
3932,838.56,1.71,551.05,1.69, ,,,,,,,19454.51,,,19246.86
3942,838.56,1.71,167.71,1.66, ,,,,,,,19454.51,,,18863.52
3952,838.56,1.71,646.89,1.69, ,,,,,,,19454.51,,,19342.7
3962,838.56,1.71,646.89,1.69, ,,,,,,,19454.51,,,19342.7
3972,838.56,1.71,263.55,1.67, ,,,,,,,19454.51,,,18959.36
3982,838.56,1.71,646.89,1.69, ,,,,,,,19454.51,,,19342.7
3992,838.56,1.71,598.97,1.69, ,,,,,,,19454.51,,,19294.78
4002,838.56,1.71,694.8,1.7, ,,,,,,,19454.51,,,19390.61
4012,838.56,1.71,742.72,1.7, ,,,,,,,19454.51,,,19438.53
4022,838.56,1.71,694.8,1.7, ,,,,,,,19454.51,,,19390.61
4032,838.56,1.71,790.64,1.7, ,,,,,,,19454.51,,,19486.45
4042,838.56,1.71,742.72,1.7, ,,,,,,,19454.51,,,19438.53
4052,838.56,1.71,790.64,1.7, ,,,,,,,19454.51,,,19486.45
4062,838.56,1.71,742.72,1.7, ,,,,,,,19454.51,,,19438.53
4072,838.56,1.71,790.64,1.7, ,,,,,,,19454.51,,,19486.45
4082,838.56,1.71,742.72,1.7, ,,,,,,,19454.51,,,19438.53
4092,838.56,1.71,790.64,1.7, ,,,,,,,19454.51,,,19486.45
4102,838.56,1.71,790.64,1.7, ,,,,,,,19454.51,,,19486.45
4112,838.56,1.71,790.64,1.7, ,,,,,,,19454.51,,,19486.45
4122,838.56,1.71,790.64,1.7, ,,,,,,,19454.51,,,19486.45
4132,838.56,1.71,742.72,1.7, ,,,,,,,19454.51,,,19438.53
4142,886.47,1.71,790.64,1.7, ,,,,,,,19502.42,,,19486.45
4152,886.47,1.71,742.72,1.7, ,,,,,,,19502.42,,,19438.53
4162,838.56,1.71,790.64,1.7, ,,,,,,,19454.51,,,19486.45
4172,838.56,1.71,790.64,1.7, ,,,,,,,19454.51,,,19486.45
4182,838.56,1.71,742.72,1.7, ,,,,,,,19454.51,,,19438.53
4192,838.56,1.71,742.72,1.7, ,,,,,,,19454.51,,,19438.53
4202,838.56,1.71,742.72,1.7, ,,,,,,,19454.51,,,19438.53
4212,838.56,1.71,742.72,1.7, ,,,,,,,19454.51,,,19438.53
4222,838.56,1.71,790.64,1.7, ,,,,,,,19454.51,,,19486.45
4232,838.56,1.71,790.64,1.7, ,,,,,,,19454.51,,,19486.45
4242,838.56,1.71,742.72,1.7, ,,,,,,,19454.51,,,19438.53
4252,838.56,1.71,790.64,1.7, ,,,,,,,19454.51,,,19486.45
4262,838.56,1.71,790.64,1.7, ,,,,,,,19454.51,,,19486.45
4272,838.56,1.71,790.64,1.7, ,,,,,,,19454.51,,,19486.45
4282,838.56,1.71,790.64,1.7, ,,,,,,,19454.51,,,19486.45
4292,838.56,1.71,790.64,1.7, ,,,,,,,19454.51,,,19486.45
4302,838.56,1.71,790.64,1.7, ,,,,,,,19454.51,,,19486.45
4312,838.56,1.71,838.56,1.71, ,,,,,,,19454.51,,,19534.37
4322,838.56,1.71,790.64,1.7, ,,,,,,,19454.51,,,19486.45
4332,838.56,1.71,742.72,1.7, ,,,,,,,19454.51,,,19438.53
4342,838.56,1.71,407.3,1.68, ,,,,,,,19454.51,,,19103.11
4352,838.56,1.71,742.72,1.7, ,,,,,,,19454.51,,,19438.53
4362,838.56,1.71,646.89,1.69, ,,,,,,,19454.51,,,19342.7
4372,838.56,1.71,742.72,1.7, ,,,,,,,19454.51,,,19438.53
4382,838.56,1.71,694.8,1.7, ,,,,,,,19454.51,,,19390.61
4392,838.56,1.71,742.72,1.7, ,,,,,,,19454.51,,,19438.53
4402,838.56,1.71,790.64,1.7, ,,,,,,,19454.51,,,19486.45
4412,838.56,1.71,790.64,1.7, ,,,,,,,19454.51,,,19486.45
4422,838.56,1.71,790.64,1.7, ,,,,,,,19454.51,,,19486.45
4432,838.56,1.71,790.64,1.7, ,,,,,,,19454.51,,,19486.45
4442,838.56,1.71,790.64,1.7, ,,,,,,,19454.51,,,19486.45
4452,838.56,1.71,790.64,1.7, ,,,,,,,19454.51,,,19486.45
4462,838.56,1.71,742.72,1.7, ,,,,,,,19454.51,,,19438.53
4472,838.56,1.71,790.64,1.7, ,,,,,,,19454.51,,,19486.45
4482,838.56,1.71,790.64,1.7, ,,,,,,,19454.51,,,19486.45
4492,838.56,1.71,742.72,1.7, ,,,,,,,19454.51,,,19438.53
4502,838.56,1.71,742.72,1.7, ,,,,,,,19454.51,,,19438.53
4512,838.56,1.71,742.72,1.7, ,,,,,,,19454.51,,,19438.53
4522,838.56,1.71,790.64,1.7, ,,,,,,,19454.51,,,19486.45
4532,838.56,1.71,742.72,1.7, ,,,,,,,19454.51,,,19438.53
4542,838.56,1.71,790.64,1.7, ,,,,,,,19454.51,,,19486.45
4552,838.56,1.71,790.64,1.7, ,,,,,,,19454.51,,,19486.45
4562,838.56,1.71,742.72,1.7, ,,,,,,,19454.51,,,19438.53
4572,838.56,1.71,742.72,1.7, ,,,,,,,19454.51,,,19438.53
4582,838.56,1.71,742.72,1.7, ,,,,,,,19454.51,,,19438.53
4592,838.56,1.71,742.72,1.7, ,,,,,,,19454.51,,,19438.53
4602,838.56,1.71,790.64,1.7, ,,,,,,,19454.51,,,19486.45
4612,838.56,1.71,790.64,1.7, ,,,,,,,19454.51,,,19486.45
4622,838.56,1.71,790.64,1.7, ,,,,,,,19454.51,,,19486.45
4632,886.47,1.71,790.64,1.7, ,,,,,,,19502.42,,,19486.45
4642,886.47,1.71,790.64,1.7, ,,,,,,,19502.42,,,19486.45
4652,838.56,1.71,790.64,1.7, ,,,,,,,19454.51,,,19486.45
4662,838.56,1.71,742.72,1.7, ,,,,,,,19454.51,,,19438.53
4672,838.56,1.71,742.72,1.7, ,,,,,,,19454.51,,,19438.53
4682,838.56,1.71,742.72,1.7, ,,,,,,,19454.51,,,19438.53
4692,838.56,1.71,790.64,1.7, ,,,,,,,19454.51,,,19486.45
4702,838.56,1.71,838.56,1.71, ,,,,,,,19454.51,,,19534.37
4712,838.56,1.71,790.64,1.7, ,,,,,,,19454.51,,,19486.45
4722,838.56,1.71,407.3,1.68, ,,,,,,,19454.51,,,19103.11
4732,838.56,1.71,646.89,1.69, ,,,,,,,19454.51,,,19342.7
4742,838.56,1.71,407.3,1.68, ,,,,,,,19454.51,,,19103.11
4752,838.56,1.71,742.72,1.7, ,,,,,,,19454.51,,,19438.53
4762,838.56,1.71,742.72,1.7, ,,,,,,,19454.51,,,19438.53
4772,838.56,1.71,742.72,1.7, ,,,,,,,19454.51,,,19438.53
4782,838.56,1.71,742.72,1.7, ,,,,,,,19454.51,,,19438.53
4792,838.56,1.71,742.72,1.7, ,,,,,,,19454.51,,,19438.53
4802,838.56,1.71,790.64,1.7, ,,,,,,,19454.51,,,19486.45
4812,838.56,1.71,790.64,1.7, ,,,,,,,19454.51,,,19486.45
4822,838.56,1.71,790.64,1.7, ,,,,,,,19454.51,,,19486.45
4832,838.56,1.71,790.64,1.7, ,,,,,,,19454.51,,,19486.45
4842,838.56,1.71,742.72,1.7, ,,,,,,,19454.51,,,19438.53
4852,838.56,1.71,790.64,1.7, ,,,,,,,19454.51,,,19486.45
4862,838.56,1.71,742.72,1.7, ,,,,,,,19454.51,,,19438.53
4872,838.56,1.71,742.72,1.7, ,,,,,,,19454.51,,,19438.53
4882,838.56,1.71,742.72,1.7, ,,,,,,,19454.51,,,19438.53
4892,838.56,1.71,742.72,1.7, ,,,,,,,19454.51,,,19438.53
4902,838.56,1.71,790.64,1.7, ,,,,,,,19454.51,,,19486.45
4912,838.56,1.71,790.64,1.7, ,,,,,,,19454.51,,,19486.45
4922,838.56,1.71,598.97,1.69, ,,,,,,,19454.51,,,19294.78
4932,838.56,1.71,742.72,1.7, ,,,,,,,19454.51,,,19438.53
4942,838.56,1.71,742.72,1.7, ,,,,,,,19454.51,,,19438.53
4952,838.56,1.71,742.72,1.7, ,,,,,,,19454.51,,,19438.53
4962,838.56,1.71,790.64,1.7, ,,,,,,,19454.51,,,19486.45
4972,838.56,1.71,790.64,1.7, ,,,,,,,19454.51,,,19486.45
4982,838.56,1.71,790.64,1.7, ,,,,,,,19454.51,,,19486.45
4992,886.47,1.71,742.72,1.7, ,,,,,,,19502.42,,,19438.53
5002,838.56,1.71,742.72,1.7, ,,,,,,,19454.51,,,19438.53
5012,838.56,1.71,742.72,1.7, ,,,,,,,19454.51,,,19438.53
5022,790.64,1.7,742.72,1.7, ,,,,,,,19406.59,,,19438.53
5032,838.56,1.71,790.64,1.7, ,,,,,,,19454.51,,,19486.45
5042,790.64,1.7,790.64,1.7, ,,,,,,,19406.59,,,19486.45
5052,838.56,1.71,790.64,1.7, ,,,,,,,19454.51,,,19486.45
5062,838.56,1.71,311.46,1.67, ,,,,,,,19454.51,,,19007.27
5072,838.56,1.71,742.72,1.7, ,,,,,,,19454.51,,,19438.53
5082,838.56,1.71,742.72,1.7, ,,,,,,,19454.51,,,19438.53
5092,790.64,1.7,742.72,1.7, ,,,,,,,19406.59,,,19438.53
5102,838.56,1.71,742.72,1.7, ,,,,,,,19454.51,,,19438.53
5112,838.56,1.71,742.72,1.7, ,,,,,,,19454.51,,,19438.53
5122,838.56,1.71,838.56,1.71, ,,,,,,,19454.51,,,19534.37
5132,790.64,1.7,742.72,1.7, ,,,,,,,19406.59,,,19438.53
5142,838.56,1.71,742.72,1.7, ,,,,,,,19454.51,,,19438.53
5152,838.56,1.71,742.72,1.7, ,,,,,,,19454.51,,,19438.53
5162,838.56,1.71,742.72,1.7, ,,,,,,,19454.51,,,19438.53
5172,790.64,1.7,742.72,1.7, ,,,,,,,19406.59,,,19438.53
5182,838.56,1.71,742.72,1.7, ,,,,,,,19454.51,,,19438.53
5192,790.64,1.7,742.72,1.7, ,,,,,,,19406.59,,,19438.53
5202,790.64,1.7,790.64,1.7, ,,,,,,,19406.59,,,19486.45
5212,838.56,1.71,694.8,1.7, ,,,,,,,19454.51,,,19390.61
5222,838.56,1.71,694.8,1.7, ,,,,,,,19454.51,,,19390.61
5232,790.64,1.7,742.72,1.7, ,,,,,,,19406.59,,,19438.53
5242,838.56,1.71,742.72,1.7, ,,,,,,,19454.51,,,19438.53
5252,838.56,1.71,790.64,1.7, ,,,,,,,19454.51,,,19486.45
5262,838.56,1.71,790.64,1.7, ,,,,,,,19454.51,,,19486.45
5272,838.56,1.71,742.72,1.7, ,,,,,,,19454.51,,,19438.53
5282,838.56,1.71,742.72,1.7, ,,,,,,,19454.51,,,19438.53
5292,838.56,1.71,742.72,1.7, ,,,,,,,19454.51,,,19438.53
5302,838.56,1.71,742.72,1.7, ,,,,,,,19454.51,,,19438.53
5312,790.64,1.7,790.64,1.7, ,,,,,,,19406.59,,,19486.45
5322,790.64,1.7,790.64,1.7, ,,,,,,,19406.59,,,19486.45
5332,838.56,1.71,455.22,1.68, ,,,,,,,19454.51,,,19151.03
5342,838.56,1.71,407.3,1.68, ,,,,,,,19454.51,,,19103.11
5352,838.56,1.71,742.72,1.7, ,,,,,,,19454.51,,,19438.53
5362,838.56,1.71,742.72,1.7, ,,,,,,,19454.51,,,19438.53
5372,838.56,1.71,742.72,1.7, ,,,,,,,19454.51,,,19438.53
5382,790.64,1.7,742.72,1.7, ,,,,,,,19406.59,,,19438.53
5392,790.64,1.7,790.64,1.7, ,,,,,,,19406.59,,,19486.45
5402,790.64,1.7,742.72,1.7, ,,,,,,,19406.59,,,19438.53
5412,838.56,1.71,742.72,1.7, ,,,,,,,19454.51,,,19438.53
5422,838.56,1.71,742.72,1.7, ,,,,,,,19454.51,,,19438.53
5432,838.56,1.71,742.72,1.7, ,,,,,,,19454.51,,,19438.53
5442,838.56,1.71,742.72,1.7, ,,,,,,,19454.51,,,19438.53
5452,838.56,1.71,742.72,1.7, ,,,,,,,19454.51,,,19438.53
5462,790.64,1.7,742.72,1.7, ,,,,,,,19406.59,,,19438.53
5472,838.56,1.71,742.72,1.7, ,,,,,,,19454.51,,,19438.53
5482,838.56,1.71,790.64,1.7, ,,,,,,,19454.51,,,19486.45
5492,790.64,1.7,790.64,1.7, ,,,,,,,19406.59,,,19486.45
5502,790.64,1.7,790.64,1.7, ,,,,,,,19406.59,,,19486.45
5512,838.56,1.71,551.05,1.69, ,,,,,,,19454.51,,,19246.86
5522,838.56,1.71,646.89,1.69, ,,,,,,,19454.51,,,19342.7
5532,790.64,1.7,742.72,1.7, ,,,,,,,19406.59,,,19438.53
5542,790.64,1.7,790.64,1.7, ,,,,,,,19406.59,,,19486.45
5552,838.56,1.71,790.64,1.7, ,,,,,,,19454.51,,,19486.45
5562,838.56,1.71,790.64,1.7, ,,,,,,,19454.51,,,19486.45
5572,838.56,1.71,790.64,1.7, ,,,,,,,19454.51,,,19486.45
5582,790.64,1.7,742.72,1.7, ,,,,,,,19406.59,,,19438.53
5592,838.56,1.71,742.72,1.7, ,,,,,,,19454.51,,,19438.53
5602,838.56,1.71,742.72,1.7, ,,,,,,,19454.51,,,19438.53
5612,838.56,1.71,790.64,1.7, ,,,,,,,19454.51,,,19486.45
5622,838.56,1.71,119.79,1.66, ,,,,,,,19454.51,,,18815.6
5632,790.64,1.7,311.46,1.67, ,,,,,,,19406.59,,,19007.27
5642,838.56,1.71,742.72,1.7, ,,,,,,,19454.51,,,19438.53
5652,838.56,1.71,742.72,1.7, ,,,,,,,19454.51,,,19438.53
5662,838.56,1.71,742.72,1.7, ,,,,,,,19454.51,,,19438.53
5672,790.64,1.7,790.64,1.7, ,,,,,,,19406.59,,,19486.45
5682,838.56,1.71,790.64,1.7, ,,,,,,,19454.51,,,19486.45
5692,790.64,1.7,742.72,1.7, ,,,,,,,19406.59,,,19438.53
5702,838.56,1.71,742.72,1.7, ,,,,,,,19454.51,,,19438.53
5712,886.47,1.71,742.72,1.7, ,,,,,,,19502.42,,,19438.53
5722,790.64,1.7,742.72,1.7, ,,,,,,,19406.59,,,19438.53
5732,838.56,1.71,742.72,1.7, ,,,,,,,19454.51,,,19438.53
5742,838.56,1.71,742.72,1.7, ,,,,,,,19454.51,,,19438.53
5752,790.64,1.7,742.72,1.7, ,,,,,,,19406.59,,,19438.53
5762,838.56,1.71,790.64,1.7, ,,,,,,,19454.51,,,19486.45
5772,838.56,1.71,455.22,1.68, ,,,,,,,19454.51,,,19151.03
5782,838.56,1.71,598.97,1.69, ,,,,,,,19454.51,,,19294.78
5792,838.56,1.71,742.72,1.7, ,,,,,,,19454.51,,,19438.53
5802,838.56,1.71,790.64,1.7, ,,,,,,,19454.51,,,19486.45
5812,790.64,1.7,742.72,1.7, ,,,,,,,19406.59,,,19438.53
5822,838.56,1.71,790.64,1.7, ,,,,,,,19454.51,,,19486.45
5832,838.56,1.71,742.72,1.7, ,,,,,,,19454.51,,,19438.53
5842,838.56,1.71,742.72,1.7, ,,,,,,,19454.51,,,19438.53
5852,790.64,1.7,742.72,1.7, ,,,,,,,19406.59,,,19438.53
5862,790.64,1.7,742.72,1.7, ,,,,,,,19406.59,,,19438.53
5872,790.64,1.7,742.72,1.7, ,,,,,,,19406.59,,,19438.53
5882,838.56,1.71,790.64,1.7, ,,,,,,,19454.51,,,19486.45
5892,790.64,1.7,790.64,1.7, ,,,,,,,19406.59,,,19486.45
5902,838.56,1.71,455.22,1.68, ,,,,,,,19454.51,,,19151.03
5912,838.56,1.71,742.72,1.7, ,,,,,,,19454.51,,,19438.53
5922,838.56,1.71,742.72,1.7, ,,,,,,,19454.51,,,19438.53
5932,790.64,1.7,742.72,1.7, ,,,,,,,19406.59,,,19438.53
5942,838.56,1.71,742.72,1.7, ,,,,,,,19454.51,,,19438.53
5952,838.56,1.71,742.72,1.7, ,,,,,,,19454.51,,,19438.53
5962,790.64,1.7,790.64,1.7, ,,,,,,,19406.59,,,19486.45
5972,838.56,1.71,790.64,1.7, ,,,,,,,19454.51,,,19486.45
5982,790.64,1.7,742.72,1.7, ,,,,,,,19406.59,,,19438.53
5992,838.56,1.71,742.72,1.7, ,,,,,,,19454.51,,,19438.53
6002,838.56,1.71,742.72,1.7, ,,,,,,,19454.51,,,19438.53
6012,838.56,1.71,742.72,1.7, ,,,,,,,19454.51,,,19438.53
6022,838.56,1.71,742.72,1.7, ,,,,,,,19454.51,,,19438.53
6032,838.56,1.71,742.72,1.7, ,,,,,,,19454.51,,,19438.53
6042,838.56,1.71,742.72,1.7, ,,,,,,,19454.51,,,19438.53
6052,790.64,1.7,742.72,1.7, ,,,,,,,19406.59,,,19438.53
6062,838.56,1.71,838.56,1.71, ,,,,,,,19454.51,,,19534.37
6072,838.56,1.71,790.64,1.7, ,,,,,,,19454.51,,,19486.45
6082,790.64,1.7,407.3,1.68, ,,,,,,,19406.59,,,19103.11
6092,790.64,1.7,694.8,1.7, ,,,,,,,19406.59,,,19390.61
6102,838.56,1.71,742.72,1.7, ,,,,,,,19454.51,,,19438.53
6112,838.56,1.71,742.72,1.7, ,,,,,,,19454.51,,,19438.53
6122,790.64,1.7,790.64,1.7, ,,,,,,,19406.59,,,19486.45
6132,838.56,1.71,790.64,1.7, ,,,,,,,19454.51,,,19486.45
6142,838.56,1.71,790.64,1.7, ,,,,,,,19454.51,,,19486.45
6152,790.64,1.7,742.72,1.7, ,,,,,,,19406.59,,,19438.53
6162,838.56,1.71,694.8,1.7, ,,,,,,,19454.51,,,19390.61
6172,838.56,1.71,742.72,1.7, ,,,,,,,19454.51,,,19438.53
6182,790.64,1.7,742.72,1.7, ,,,,,,,19406.59,,,19438.53
6192,790.64,1.7,742.72,1.7, ,,,,,,,19406.59,,,19438.53
6202,838.56,1.71,790.64,1.7, ,,,,,,,19454.51,,,19486.45
6212,790.64,1.7,742.72,1.7, ,,,,,,,19406.59,,,19438.53
6222,838.56,1.71,598.97,1.69, ,,,,,,,19454.51,,,19294.78
6232,790.64,1.7,694.8,1.7, ,,,,,,,19406.59,,,19390.61
6242,838.56,1.71,742.72,1.7, ,,,,,,,19454.51,,,19438.53
6252,838.56,1.71,742.72,1.7, ,,,,,,,19454.51,,,19438.53
6262,838.56,1.71,742.72,1.7, ,,,,,,,19454.51,,,19438.53
6272,838.56,1.71,742.72,1.7, ,,,,,,,19454.51,,,19438.53
6282,838.56,1.71,790.64,1.7, ,,,,,,,19454.51,,,19486.45
6292,838.56,1.71,742.72,1.7, ,,,,,,,19454.51,,,19438.53
6302,838.56,1.71,742.72,1.7, ,,,,,,,19454.51,,,19438.53
6312,838.56,1.71,742.72,1.7, ,,,,,,,19454.51,,,19438.53
6322,838.56,1.71,742.72,1.7, ,,,,,,,19454.51,,,19438.53
6332,838.56,1.71,742.72,1.7, ,,,,,,,19454.51,,,19438.53
6342,838.56,1.71,790.64,1.7, ,,,,,,,19454.51,,,19486.45
6352,790.64,1.7,790.64,1.7, ,,,,,,,19406.59,,,19486.45
6362,838.56,1.71,646.89,1.69, ,,,,,,,19454.51,,,19342.7
6372,790.64,1.7,694.8,1.7, ,,,,,,,19406.59,,,19390.61
6382,790.64,1.7,742.72,1.7, ,,,,,,,19406.59,,,19438.53
6392,838.56,1.71,742.72,1.7, ,,,,,,,19454.51,,,19438.53
6402,790.64,1.7,790.64,1.7, ,,,,,,,19406.59,,,19486.45
6412,838.56,1.71,742.72,1.7, ,,,,,,,19454.51,,,19438.53
6422,790.64,1.7,742.72,1.7, ,,,,,,,19406.59,,,19438.53
6432,790.64,1.7,742.72,1.7, ,,,,,,,19406.59,,,19438.53
6442,838.56,1.71,742.72,1.7, ,,,,,,,19454.51,,,19438.53
6452,838.56,1.71,742.72,1.7, ,,,,,,,19454.51,,,19438.53
6462,790.64,1.7,790.64,1.7, ,,,,,,,19406.59,,,19486.45
6472,838.56,1.71,790.64,1.7, ,,,,,,,19454.51,,,19486.45
6482,790.64,1.7,598.97,1.69, ,,,,,,,19406.59,,,19294.78
6492,790.64,1.7,694.8,1.7, ,,,,,,,19406.59,,,19390.61
6502,838.56,1.71,742.72,1.7, ,,,,,,,19454.51,,,19438.53
6512,790.64,1.7,742.72,1.7, ,,,,,,,19406.59,,,19438.53
6522,790.64,1.7,790.64,1.7, ,,,,,,,19406.59,,,19486.45
6532,790.64,1.7,838.56,1.71, ,,,,,,,19406.59,,,19534.37
6542,838.56,1.71,742.72,1.7, ,,,,,,,19454.51,,,19438.53
6552,838.56,1.71,742.72,1.7, ,,,,,,,19454.51,,,19438.53
6562,838.56,1.71,742.72,1.7, ,,,,,,,19454.51,,,19438.53
6572,838.56,1.71,742.72,1.7, ,,,,,,,19454.51,,,19438.53
6582,790.64,1.7,742.72,1.7, ,,,,,,,19406.59,,,19438.53
6592,838.56,1.71,598.97,1.69, ,,,,,,,19454.51,,,19294.78
6602,790.64,1.7,694.8,1.7, ,,,,,,,19406.59,,,19390.61
6612,790.64,1.7,742.72,1.7, ,,,,,,,19406.59,,,19438.53
6622,790.64,1.7,790.64,1.7, ,,,,,,,19406.59,,,19486.45
6632,838.56,1.71,742.72,1.7, ,,,,,,,19454.51,,,19438.53
6642,838.56,1.71,742.72,1.7, ,,,,,,,19454.51,,,19438.53
6652,790.64,1.7,742.72,1.7, ,,,,,,,19406.59,,,19438.53
6662,838.56,1.71,742.72,1.7, ,,,,,,,19454.51,,,19438.53
6672,790.64,1.7,694.8,1.7, ,,,,,,,19406.59,,,19390.61
6682,838.56,1.71,742.72,1.7, ,,,,,,,19454.51,,,19438.53
6692,790.64,1.7,742.72,1.7, ,,,,,,,19406.59,,,19438.53
6702,790.64,1.7,742.72,1.7, ,,,,,,,19406.59,,,19438.53
6712,790.64,1.7,790.64,1.7, ,,,,,,,19406.59,,,19486.45
6722,838.56,1.71,742.72,1.7, ,,,,,,,19454.51,,,19438.53
6732,790.64,1.7,742.72,1.7, ,,,,,,,19406.59,,,19438.53
6742,790.64,1.7,742.72,1.7, ,,,,,,,19406.59,,,19438.53
6752,790.64,1.7,742.72,1.7, ,,,,,,,19406.59,,,19438.53
6762,790.64,1.7,790.64,1.7, ,,,,,,,19406.59,,,19486.45
6772,838.56,1.71,503.13,1.68, ,,,,,,,19454.51,,,19198.94
6782,838.56,1.71,598.97,1.69, ,,,,,,,19454.51,,,19294.78
6792,790.64,1.7,742.72,1.7, ,,,,,,,19406.59,,,19438.53
6802,838.56,1.71,790.64,1.7, ,,,,,,,19454.51,,,19486.45
6812,790.64,1.7,790.64,1.7, ,,,,,,,19406.59,,,19486.45
6822,838.56,1.71,742.72,1.7, ,,,,,,,19454.51,,,19438.53
6832,790.64,1.7,742.72,1.7, ,,,,,,,19406.59,,,19438.53
6842,790.64,1.7,742.72,1.7, ,,,,,,,19406.59,,,19438.53
6852,838.56,1.71,790.64,1.7, ,,,,,,,19454.51,,,19486.45
6862,790.64,1.7,790.64,1.7, ,,,,,,,19406.59,,,19486.45
6872,790.64,1.7,646.89,1.69, ,,,,,,,19406.59,,,19342.7
6882,838.56,1.71,742.72,1.7, ,,,,,,,19454.51,,,19438.53
6892,790.64,1.7,742.72,1.7, ,,,,,,,19406.59,,,19438.53
6902,790.64,1.7,790.64,1.7, ,,,,,,,19406.59,,,19486.45
6912,838.56,1.71,790.64,1.7, ,,,,,,,19454.51,,,19486.45
6922,838.56,1.71,742.72,1.7, ,,,,,,,19454.51,,,19438.53
6932,838.56,1.71,742.72,1.7, ,,,,,,,19454.51,,,19438.53
6942,790.64,1.7,742.72,1.7, ,,,,,,,19406.59,,,19438.53
6952,790.64,1.7,742.72,1.7, ,,,,,,,19406.59,,,19438.53
6962,790.64,1.7,790.64,1.7, ,,,,,,,19406.59,,,19486.45
6972,790.64,1.7,790.64,1.7, ,,,,,,,19406.59,,,19486.45
6982,790.64,1.7,167.71,1.66, ,,,,,,,19406.59,,,18863.52
6992,838.56,1.71,742.72,1.7, ,,,,,,,19454.51,,,19438.53
7002,790.64,1.7,694.8,1.7, ,,,,,,,19406.59,,,19390.61
7012,790.64,1.7,742.72,1.7, ,,,,,,,19406.59,,,19438.53
7022,790.64,1.7,790.64,1.7, ,,,,,,,19406.59,,,19486.45
7032,838.56,1.71,742.72,1.7, ,,,,,,,19454.51,,,19438.53
7042,790.64,1.7,742.72,1.7, ,,,,,,,19406.59,,,19438.53
7052,790.64,1.7,742.72,1.7, ,,,,,,,19406.59,,,19438.53
7062,838.56,1.71,742.72,1.7, ,,,,,,,19454.51,,,19438.53
7072,790.64,1.7,742.72,1.7, ,,,,,,,19406.59,,,19438.53
7082,838.56,1.71,790.64,1.7, ,,,,,,,19454.51,,,19486.45
7092,790.64,1.7,646.89,1.69, ,,,,,,,19406.59,,,19342.7
7102,790.64,1.7,742.72,1.7, ,,,,,,,19406.59,,,19438.53
7112,838.56,1.71,742.72,1.7, ,,,,,,,19454.51,,,19438.53
7122,790.64,1.7,790.64,1.7, ,,,,,,,19406.59,,,19486.45
7132,838.56,1.71,838.56,1.71, ,,,,,,,19454.51,,,19534.37
7142,790.64,1.7,742.72,1.7, ,,,,,,,19406.59,,,19438.53
7152,838.56,1.71,742.72,1.7, ,,,,,,,19454.51,,,19438.53
7162,838.56,1.71,742.72,1.7, ,,,,,,,19454.51,,,19438.53
7172,838.56,1.71,742.72,1.7, ,,,,,,,19454.51,,,19438.53
7182,838.56,1.71,742.72,1.7, ,,,,,,,19454.51,,,19438.53
7192,838.56,1.71,742.72,1.7, ,,,,,,,19454.51,,,19438.53
7202,790.64,1.7,742.72,1.7, ,,,,,,,19406.59,,,19438.53
7212,838.56,1.71,742.72,1.7, ,,,,,,,19454.51,,,19438.53
7222,790.64,1.7,407.3,1.68, ,,,,,,,19406.59,,,19103.11
7232,838.56,1.71,646.89,1.69, ,,,,,,,19454.51,,,19342.7
7242,790.64,1.7,742.72,1.7, ,,,,,,,19406.59,,,19438.53
7252,838.56,1.71,790.64,1.7, ,,,,,,,19454.51,,,19486.45
7262,790.64,1.7,790.64,1.7, ,,,,,,,19406.59,,,19486.45
7272,886.47,1.71,742.72,1.7, ,,,,,,,19502.42,,,19438.53
7282,886.47,1.71,742.72,1.7, ,,,,,,,19502.42,,,19438.53
7292,790.64,1.7,742.72,1.7, ,,,,,,,19406.59,,,19438.53
7302,838.56,1.71,742.72,1.7, ,,,,,,,19454.51,,,19438.53
7312,790.64,1.7,790.64,1.7, ,,,,,,,19406.59,,,19486.45
7322,790.64,1.7,742.72,1.7, ,,,,,,,19406.59,,,19438.53
7332,838.56,1.71,359.38,1.67, ,,,,,,,19454.51,,,19055.19
7342,790.64,1.7,694.8,1.7, ,,,,,,,19406.59,,,19390.61
7352,790.64,1.7,742.72,1.7, ,,,,,,,19406.59,,,19438.53
7362,790.64,1.7,742.72,1.7, ,,,,,,,19406.59,,,19438.53
7372,838.56,1.71,790.64,1.7, ,,,,,,,19454.51,,,19486.45
7382,838.56,1.71,790.64,1.7, ,,,,,,,19454.51,,,19486.45
7392,790.64,1.7,742.72,1.7, ,,,,,,,19406.59,,,19438.53
7402,886.47,1.71,742.72,1.7, ,,,,,,,19502.42,,,19438.53
7412,838.56,1.71,742.72,1.7, ,,,,,,,19454.51,,,19438.53
7422,838.56,1.71,742.72,1.7, ,,,,,,,19454.51,,,19438.53
7432,790.64,1.7,742.72,1.7, ,,,,,,,19406.59,,,19438.53
7442,790.64,1.7,790.64,1.7, ,,,,,,,19406.59,,,19486.45
7452,790.64,1.7,742.72,1.7, ,,,,,,,19406.59,,,19438.53
7462,790.64,1.7,359.38,1.67, ,,,,,,,19406.59,,,19055.19
7472,790.64,1.7,742.72,1.7, ,,,,,,,19406.59,,,19438.53
7482,838.56,1.71,742.72,1.7, ,,,,,,,19454.51,,,19438.53
7492,790.64,1.7,790.64,1.7, ,,,,,,,19406.59,,,19486.45
7502,790.64,1.7,742.72,1.7, ,,,,,,,19406.59,,,19438.53
7512,790.64,1.7,742.72,1.7, ,,,,,,,19406.59,,,19438.53
7522,838.56,1.71,742.72,1.7, ,,,,,,,19454.51,,,19438.53
7532,790.64,1.7,742.72,1.7, ,,,,,,,19406.59,,,19438.53
7542,790.64,1.7,790.64,1.7, ,,,,,,,19406.59,,,19486.45
7552,790.64,1.7,215.63,1.66, ,,,,,,,19406.59,,,18911.44
7562,838.56,1.71,694.8,1.7, ,,,,,,,19454.51,,,19390.61
7572,790.64,1.7,742.72,1.7, ,,,,,,,19406.59,,,19438.53
7582,838.56,1.71,790.64,1.7, ,,,,,,,19454.51,,,19486.45
7592,838.56,1.71,790.64,1.7, ,,,,,,,19454.51,,,19486.45
7602,838.56,1.71,742.72,1.7, ,,,,,,,19454.51,,,19438.53
7612,790.64,1.7,742.72,1.7, ,,,,,,,19406.59,,,19438.53
7622,790.64,1.7,742.72,1.7, ,,,,,,,19406.59,,,19438.53
7632,838.56,1.71,742.72,1.7, ,,,,,,,19454.51,,,19438.53
7642,838.56,1.71,742.72,1.7, ,,,,,,,19454.51,,,19438.53
7652,838.56,1.71,646.89,1.69, ,,,,,,,19454.51,,,19342.7
7662,838.56,1.71,742.72,1.7, ,,,,,,,19454.51,,,19438.53
7672,790.64,1.7,742.72,1.7, ,,,,,,,19406.59,,,19438.53
7682,838.56,1.71,790.64,1.7, ,,,,,,,19454.51,,,19486.45
7692,838.56,1.71,742.72,1.7, ,,,,,,,19454.51,,,19438.53
7702,838.56,1.71,742.72,1.7, ,,,,,,,19454.51,,,19438.53
7712,790.64,1.7,742.72,1.7, ,,,,,,,19406.59,,,19438.53
7722,790.64,1.7,790.64,1.7, ,,,,,,,19406.59,,,19486.45
7732,790.64,1.7,646.89,1.69, ,,,,,,,19406.59,,,19342.7
7742,790.64,1.7,694.8,1.7, ,,,,,,,19406.59,,,19390.61
7752,790.64,1.7,742.72,1.7, ,,,,,,,19406.59,,,19438.53
7762,838.56,1.71,742.72,1.7, ,,,,,,,19454.51,,,19438.53
7772,790.64,1.7,790.64,1.7, ,,,,,,,19406.59,,,19486.45
7782,790.64,1.7,742.72,1.7, ,,,,,,,19406.59,,,19438.53
7792,790.64,1.7,694.8,1.7, ,,,,,,,19406.59,,,19390.61
7802,790.64,1.7,742.72,1.7, ,,,,,,,19406.59,,,19438.53
7812,790.64,1.7,694.8,1.7, ,,,,,,,19406.59,,,19390.61
7822,790.64,1.7,646.89,1.69, ,,,,,,,19406.59,,,19342.7
7832,790.64,1.7,694.8,1.7, ,,,,,,,19406.59,,,19390.61
7842,838.56,1.71,742.72,1.7, ,,,,,,,19454.51,,,19438.53
7852,790.64,1.7,790.64,1.7, ,,,,,,,19406.59,,,19486.45
7862,838.56,1.71,694.8,1.7, ,,,,,,,19454.51,,,19390.61
7872,790.64,1.7,742.72,1.7, ,,,,,,,19406.59,,,19438.53
7882,838.56,1.71,790.64,1.7, ,,,,,,,19454.51,,,19486.45
7892,838.56,1.71,742.72,1.7, ,,,,,,,19454.51,,,19438.53
7902,838.56,1.71,694.8,1.7, ,,,,,,,19454.51,,,19390.61
7912,838.56,1.71,742.72,1.7, ,,,,,,,19454.51,,,19438.53
7922,790.64,1.7,742.72,1.7, ,,,,,,,19406.59,,,19438.53
7932,790.64,1.7,742.72,1.7, ,,,,,,,19406.59,,,19438.53
7942,838.56,1.71,742.72,1.7, ,,,,,,,19454.51,,,19438.53
7952,790.64,1.7,742.72,1.7, ,,,,,,,19406.59,,,19438.53
7962,790.64,1.7,742.72,1.7, ,,,,,,,19406.59,,,19438.53
7972,838.56,1.71,742.72,1.7, ,,,,,,,19454.51,,,19438.53
7982,838.56,1.71,646.89,1.69, ,,,,,,,19454.51,,,19342.7
7992,790.64,1.7,742.72,1.7, ,,,,,,,19406.59,,,19438.53
8002,790.64,1.7,742.72,1.7, ,,,,,,,19406.59,,,19438.53
8012,838.56,1.71,790.64,1.7, ,,,,,,,19454.51,,,19486.45
8022,838.56,1.71,742.72,1.7, ,,,,,,,19454.51,,,19438.53
8032,790.64,1.7,742.72,1.7, ,,,,,,,19406.59,,,19438.53
8042,790.64,1.7,742.72,1.7, ,,,,,,,19406.59,,,19438.53
8052,838.56,1.71,742.72,1.7, ,,,,,,,19454.51,,,19438.53
8062,790.64,1.7,551.05,1.69, ,,,,,,,19406.59,,,19246.86
8072,790.64,1.7,742.72,1.7, ,,,,,,,19406.59,,,19438.53
8082,790.64,1.7,742.72,1.7, ,,,,,,,19406.59,,,19438.53
8092,790.64,1.7,742.72,1.7, ,,,,,,,19406.59,,,19438.53
8102,838.56,1.71,790.64,1.7, ,,,,,,,19454.51,,,19486.45
8112,838.56,1.71,790.64,1.7, ,,,,,,,19454.51,,,19486.45
8122,838.56,1.71,742.72,1.7, ,,,,,,,19454.51,,,19438.53
8132,790.64,1.7,694.8,1.7, ,,,,,,,19406.59,,,19390.61
8142,790.64,1.7,742.72,1.7, ,,,,,,,19406.59,,,19438.53
8152,790.64,1.7,742.72,1.7, ,,,,,,,19406.59,,,19438.53
8162,838.56,1.71,742.72,1.7, ,,,,,,,19454.51,,,19438.53
8172,790.64,1.7,598.97,1.69, ,,,,,,,19406.59,,,19294.78
8182,790.64,1.7,742.72,1.7, ,,,,,,,19406.59,,,19438.53
8192,838.56,1.71,742.72,1.7, ,,,,,,,19454.51,,,19438.53
8202,790.64,1.7,790.64,1.7, ,,,,,,,19406.59,,,19486.45
8212,838.56,1.71,742.72,1.7, ,,,,,,,19454.51,,,19438.53
8222,838.56,1.71,742.72,1.7, ,,,,,,,19454.51,,,19438.53
8232,790.64,1.7,742.72,1.7, ,,,,,,,19406.59,,,19438.53
8242,790.64,1.7,742.72,1.7, ,,,,,,,19406.59,,,19438.53
8252,790.64,1.7,742.72,1.7, ,,,,,,,19406.59,,,19438.53
8262,790.64,1.7,790.64,1.7, ,,,,,,,19406.59,,,19486.45
8272,790.64,1.7,598.97,1.69, ,,,,,,,19406.59,,,19294.78
8282,790.64,1.7,694.8,1.7, ,,,,,,,19406.59,,,19390.61
8292,790.64,1.7,742.72,1.7, ,,,,,,,19406.59,,,19438.53
8302,838.56,1.71,790.64,1.7, ,,,,,,,19454.51,,,19486.45
8312,790.64,1.7,790.64,1.7, ,,,,,,,19406.59,,,19486.45
8322,838.56,1.71,742.72,1.7, ,,,,,,,19454.51,,,19438.53
8332,838.56,1.71,742.72,1.7, ,,,,,,,19454.51,,,19438.53
8342,790.64,1.7,742.72,1.7, ,,,,,,,19406.59,,,19438.53
8352,790.64,1.7,742.72,1.7, ,,,,,,,19406.59,,,19438.53
8362,790.64,1.7,742.72,1.7, ,,,,,,,19406.59,,,19438.53
8372,790.64,1.7,742.72,1.7, ,,,,,,,19406.59,,,19438.53
8382,790.64,1.7,742.72,1.7, ,,,,,,,19406.59,,,19438.53
8392,838.56,1.71,646.89,1.69, ,,,,,,,19454.51,,,19342.7
8402,838.56,1.71,742.72,1.7, ,,,,,,,19454.51,,,19438.53
8412,838.56,1.71,790.64,1.7, ,,,,,,,19454.51,,,19486.45
8422,790.64,1.7,790.64,1.7, ,,,,,,,19406.59,,,19486.45
8432,838.56,1.71,742.72,1.7, ,,,,,,,19454.51,,,19438.53
8442,838.56,1.71,742.72,1.7, ,,,,,,,19454.51,,,19438.53
8452,790.64,1.7,742.72,1.7, ,,,,,,,19406.59,,,19438.53
8462,790.64,1.7,742.72,1.7, ,,,,,,,19406.59,,,19438.53
8472,790.64,1.7,742.72,1.7, ,,,,,,,19406.59,,,19438.53
8482,790.64,1.7,742.72,1.7, ,,,,,,,19406.59,,,19438.53
8492,838.56,1.71,646.89,1.69, ,,,,,,,19454.51,,,19342.7
8502,838.56,1.71,694.8,1.7, ,,,,,,,19454.51,,,19390.61
8512,790.64,1.7,694.8,1.7, ,,,,,,,19406.59,,,19390.61
8522,790.64,1.7,742.72,1.7, ,,,,,,,19406.59,,,19438.53
8532,838.56,1.71,790.64,1.7, ,,,,,,,19454.51,,,19486.45
8542,838.56,1.71,742.72,1.7, ,,,,,,,19454.51,,,19438.53
8552,838.56,1.71,742.72,1.7, ,,,,,,,19454.51,,,19438.53
8562,790.64,1.7,742.72,1.7, ,,,,,,,19406.59,,,19438.53
8572,838.56,1.71,742.72,1.7, ,,,,,,,19454.51,,,19438.53
8582,790.64,1.7,790.64,1.7, ,,,,,,,19406.59,,,19486.45
8592,790.64,1.7,790.64,1.7, ,,,,,,,19406.59,,,19486.45
8602,790.64,1.7,694.8,1.7, ,,,,,,,19406.59,,,19390.61
8612,790.64,1.7,742.72,1.7, ,,,,,,,19406.59,,,19438.53
8622,790.64,1.7,790.64,1.7, ,,,,,,,19406.59,,,19486.45
8632,790.64,1.7,790.64,1.7, ,,,,,,,19406.59,,,19486.45
8642,838.56,1.71,742.72,1.7, ,,,,,,,19454.51,,,19438.53
8652,790.64,1.7,742.72,1.7, ,,,,,,,19406.59,,,19438.53
8662,790.64,1.7,742.72,1.7, ,,,,,,,19406.59,,,19438.53
8672,838.56,1.71,742.72,1.7, ,,,,,,,19454.51,,,19438.53
8682,790.64,1.7,694.8,1.7, ,,,,,,,19406.59,,,19390.61
8692,838.56,1.71,742.72,1.7, ,,,,,,,19454.51,,,19438.53
8702,838.56,1.71,742.72,1.7, ,,,,,,,19454.51,,,19438.53
8712,790.64,1.7,742.72,1.7, ,,,,,,,19406.59,,,19438.53
8722,838.56,1.71,790.64,1.7, ,,,,,,,19454.51,,,19486.45
8732,790.64,1.7,790.64,1.7, ,,,,,,,19406.59,,,19486.45
8742,838.56,1.71,742.72,1.7, ,,,,,,,19454.51,,,19438.53
8752,838.56,1.71,742.72,1.7, ,,,,,,,19454.51,,,19438.53
8762,790.64,1.7,742.72,1.7, ,,,,,,,19406.59,,,19438.53
8772,790.64,1.7,742.72,1.7, ,,,,,,,19406.59,,,19438.53
8782,790.64,1.7,790.64,1.7, ,,,,,,,19406.59,,,19486.45
8792,790.64,1.7,742.72,1.7, ,,,,,,,19406.59,,,19438.53
8802,790.64,1.7,694.8,1.7, ,,,,,,,19406.59,,,19390.61
8812,838.56,1.71,742.72,1.7, ,,,,,,,19454.51,,,19438.53
8822,790.64,1.7,742.72,1.7, ,,,,,,,19406.59,,,19438.53
8832,790.64,1.7,790.64,1.7, ,,,,,,,19406.59,,,19486.45
8842,838.56,1.71,742.72,1.7, ,,,,,,,19454.51,,,19438.53
8852,790.64,1.7,742.72,1.7, ,,,,,,,19406.59,,,19438.53
8862,790.64,1.7,742.72,1.7, ,,,,,,,19406.59,,,19438.53
8872,790.64,1.7,742.72,1.7, ,,,,,,,19406.59,,,19438.53
8882,790.64,1.7,790.64,1.7, ,,,,,,,19406.59,,,19486.45
8892,838.56,1.71,598.97,1.69, ,,,,,,,19454.51,,,19294.78
8902,790.64,1.7,742.72,1.7, ,,,,,,,19406.59,,,19438.53
8912,790.64,1.7,742.72,1.7, ,,,,,,,19406.59,,,19438.53
8922,838.56,1.71,742.72,1.7, ,,,,,,,19454.51,,,19438.53
8932,838.56,1.71,790.64,1.7, ,,,,,,,19454.51,,,19486.45
8942,838.56,1.71,742.72,1.7, ,,,,,,,19454.51,,,19438.53
8952,838.56,1.71,742.72,1.7, ,,,,,,,19454.51,,,19438.53
8962,790.64,1.7,742.72,1.7, ,,,,,,,19406.59,,,19438.53
8972,790.64,1.7,742.72,1.7, ,,,,,,,19406.59,,,19438.53
8982,838.56,1.71,742.72,1.7, ,,,,,,,19454.51,,,19438.53
8992,790.64,1.7,646.89,1.69, ,,,,,,,19406.59,,,19342.7
9002,790.64,1.7,694.8,1.7, ,,,,,,,19406.59,,,19390.61
9012,838.56,1.71,742.72,1.7, ,,,,,,,19454.51,,,19438.53
9022,790.64,1.7,790.64,1.7, ,,,,,,,19406.59,,,19486.45
9032,838.56,1.71,742.72,1.7, ,,,,,,,19454.51,,,19438.53
9042,790.64,1.7,742.72,1.7, ,,,,,,,19406.59,,,19438.53
9052,838.56,1.71,742.72,1.7, ,,,,,,,19454.51,,,19438.53
9062,790.64,1.7,790.64,1.7, ,,,,,,,19406.59,,,19486.45
9072,790.64,1.7,742.72,1.7, ,,,,,,,19406.59,,,19438.53
9082,790.64,1.7,742.72,1.7, ,,,,,,,19406.59,,,19438.53
9092,790.64,1.7,742.72,1.7, ,,,,,,,19406.59,,,19438.53
9102,838.56,1.71,742.72,1.7, ,,,,,,,19454.51,,,19438.53
9112,790.64,1.7,790.64,1.7, ,,,,,,,19406.59,,,19486.45
9122,838.56,1.71,742.72,1.7, ,,,,,,,19454.51,,,19438.53
9132,790.64,1.7,694.8,1.7, ,,,,,,,19406.59,,,19390.61
9142,790.64,1.7,742.72,1.7, ,,,,,,,19406.59,,,19438.53
9152,790.64,1.7,742.72,1.7, ,,,,,,,19406.59,,,19438.53
9162,838.56,1.71,790.64,1.7, ,,,,,,,19454.51,,,19486.45
9172,838.56,1.71,646.89,1.69, ,,,,,,,19454.51,,,19342.7
9182,838.56,1.71,742.72,1.7, ,,,,,,,19454.51,,,19438.53
9192,790.64,1.7,742.72,1.7, ,,,,,,,19406.59,,,19438.53
9202,790.64,1.7,790.64,1.7, ,,,,,,,19406.59,,,19486.45
9212,838.56,1.71,742.72,1.7, ,,,,,,,19454.51,,,19438.53
9222,790.64,1.7,742.72,1.7, ,,,,,,,19406.59,,,19438.53
9232,838.56,1.71,742.72,1.7, ,,,,,,,19454.51,,,19438.53
9242,838.56,1.71,742.72,1.7, ,,,,,,,19454.51,,,19438.53
9252,790.64,1.7,790.64,1.7, ,,,,,,,19406.59,,,19486.45
9262,790.64,1.7,790.64,1.7, ,,,,,,,19406.59,,,19486.45
9272,838.56,1.71,694.8,1.7, ,,,,,,,19454.51,,,19390.61
9282,838.56,1.71,742.72,1.7, ,,,,,,,19454.51,,,19438.53
9292,838.56,1.71,742.72,1.7, ,,,,,,,19454.51,,,19438.53
9302,790.64,1.7,742.72,1.7, ,,,,,,,19406.59,,,19438.53
9312,790.64,1.7,838.56,1.71, ,,,,,,,19406.59,,,19534.37
9322,838.56,1.71,742.72,1.7, ,,,,,,,19454.51,,,19438.53
9332,838.56,1.71,742.72,1.7, ,,,,,,,19454.51,,,19438.53
9342,790.64,1.7,742.72,1.7, ,,,,,,,19406.59,,,19438.53
9352,838.56,1.71,742.72,1.7, ,,,,,,,19454.51,,,19438.53
9362,790.64,1.7,742.72,1.7, ,,,,,,,19406.59,,,19438.53
9372,790.64,1.7,790.64,1.7, ,,,,,,,19406.59,,,19486.45
9382,838.56,1.71,646.89,1.69, ,,,,,,,19454.51,,,19342.7
9392,790.64,1.7,742.72,1.7, ,,,,,,,19406.59,,,19438.53
9402,838.56,1.71,742.72,1.7, ,,,,,,,19454.51,,,19438.53
9412,790.64,1.7,790.64,1.7, ,,,,,,,19406.59,,,19486.45
9422,838.56,1.71,742.72,1.7, ,,,,,,,19454.51,,,19438.53
9432,838.56,1.71,742.72,1.7, ,,,,,,,19454.51,,,19438.53
9442,790.64,1.7,742.72,1.7, ,,,,,,,19406.59,,,19438.53
9452,838.56,1.71,742.72,1.7, ,,,,,,,19454.51,,,19438.53
9462,838.56,1.71,742.72,1.7, ,,,,,,,19454.51,,,19438.53
9472,838.56,1.71,503.13,1.68, ,,,,,,,19454.51,,,19198.94
9482,838.56,1.71,694.8,1.7, ,,,,,,,19454.51,,,19390.61
9492,838.56,1.71,742.72,1.7, ,,,,,,,19454.51,,,19438.53
9502,790.64,1.7,742.72,1.7, ,,,,,,,19406.59,,,19438.53
9512,838.56,1.71,790.64,1.7, ,,,,,,,19454.51,,,19486.45
9522,838.56,1.71,742.72,1.7, ,,,,,,,19454.51,,,19438.53
9532,838.56,1.71,742.72,1.7, ,,,,,,,19454.51,,,19438.53
9542,838.56,1.71,742.72,1.7, ,,,,,,,19454.51,,,19438.53
9552,838.56,1.71,742.72,1.7, ,,,,,,,19454.51,,,19438.53
9562,838.56,1.71,742.72,1.7, ,,,,,,,19454.51,,,19438.53
9572,838.56,1.71,742.72,1.7, ,,,,,,,19454.51,,,19438.53
9582,838.56,1.71,790.64,1.7, ,,,,,,,19454.51,,,19486.45
9592,838.56,1.71,742.72,1.7, ,,,,,,,19454.51,,,19438.53
9602,838.56,1.71,551.05,1.69, ,,,,,,,19454.51,,,19246.86
9612,790.64,1.7,742.72,1.7, ,,,,,,,19406.59,,,19438.53
9622,790.64,1.7,742.72,1.7, ,,,,,,,19406.59,,,19438.53
9632,838.56,1.71,790.64,1.7, ,,,,,,,19454.51,,,19486.45
9642,838.56,1.71,790.64,1.7, ,,,,,,,19454.51,,,19486.45
9652,886.47,1.71,742.72,1.7, ,,,,,,,19502.42,,,19438.53
9662,838.56,1.71,742.72,1.7, ,,,,,,,19454.51,,,19438.53
9672,838.56,1.71,742.72,1.7, ,,,,,,,19454.51,,,19438.53
9682,838.56,1.71,742.72,1.7, ,,,,,,,19454.51,,,19438.53
9692,838.56,1.71,790.64,1.7, ,,,,,,,19454.51,,,19486.45
9702,790.64,1.7,742.72,1.7, ,,,,,,,19406.59,,,19438.53
9712,790.64,1.7,646.89,1.69, ,,,,,,,19406.59,,,19342.7
9722,838.56,1.71,742.72,1.7, ,,,,,,,19454.51,,,19438.53
9732,838.56,1.71,742.72,1.7, ,,,,,,,19454.51,,,19438.53
9742,838.56,1.71,742.72,1.7, ,,,,,,,19454.51,,,19438.53
9752,838.56,1.71,790.64,1.7, ,,,,,,,19454.51,,,19486.45
9762,838.56,1.71,790.64,1.7, ,,,,,,,19454.51,,,19486.45
9772,838.56,1.71,742.72,1.7, ,,,,,,,19454.51,,,19438.53
9782,838.56,1.71,742.72,1.7, ,,,,,,,19454.51,,,19438.53
9792,838.56,1.71,742.72,1.7, ,,,,,,,19454.51,,,19438.53
9802,838.56,1.71,742.72,1.7, ,,,,,,,19454.51,,,19438.53
9812,790.64,1.7,742.72,1.7, ,,,,,,,19406.59,,,19438.53
9822,790.64,1.7,790.64,1.7, ,,,,,,,19406.59,,,19486.45
9832,838.56,1.71,694.8,1.7, ,,,,,,,19454.51,,,19390.61
9842,790.64,1.7,742.72,1.7, ,,,,,,,19406.59,,,19438.53
9852,838.56,1.71,742.72,1.7, ,,,,,,,19454.51,,,19438.53
9862,838.56,1.71,790.64,1.7, ,,,,,,,19454.51,,,19486.45
9872,838.56,1.71,742.72,1.7, ,,,,,,,19454.51,,,19438.53
9882,838.56,1.71,742.72,1.7, ,,,,,,,19454.51,,,19438.53
9892,838.56,1.71,742.72,1.7, ,,,,,,,19454.51,,,19438.53
9902,790.64,1.7,742.72,1.7, ,,,,,,,19406.59,,,19438.53
9912,790.64,1.7,790.64,1.7, ,,,,,,,19406.59,,,19486.45
9922,790.64,1.7,646.89,1.69, ,,,,,,,19406.59,,,19342.7
9932,838.56,1.71,694.8,1.7, ,,,,,,,19454.51,,,19390.61
9942,838.56,1.71,742.72,1.7, ,,,,,,,19454.51,,,19438.53
9952,790.64,1.7,742.72,1.7, ,,,,,,,19406.59,,,19438.53
9962,790.64,1.7,790.64,1.7, ,,,,,,,19406.59,,,19486.45
9972,838.56,1.71,790.64,1.7, ,,,,,,,19454.51,,,19486.45
9982,838.56,1.71,742.72,1.7, ,,,,,,,19454.51,,,19438.53
9992,838.56,1.71,742.72,1.7, ,,,,,,,19454.51,,,19438.53
10002,838.56,1.71,742.72,1.7, ,,,,,,,19454.51,,,19438.53
10012,838.56,1.71,742.72,1.7, ,,,,,,,19454.51,,,19438.53
10022,838.56,1.71,742.72,1.7, ,,,,,,,19454.51,,,19438.53
10032,838.56,1.71,790.64,1.7, ,,,,,,,19454.51,,,19486.45
10042,838.56,1.71,646.89,1.69, ,,,,,,,19454.51,,,19342.7
10052,838.56,1.71,407.3,1.68, ,,,,,,,19454.51,,,19103.11
10062,838.56,1.71,742.72,1.7, ,,,,,,,19454.51,,,19438.53
10072,838.56,1.71,742.72,1.7, ,,,,,,,19454.51,,,19438.53
10082,838.56,1.71,790.64,1.7, ,,,,,,,19454.51,,,19486.45
