0,-24509.8,0,-24509.8,0, ,,,,,,Bubble C,-5925.796667,,Bubble G,-5845.93
2,-15740.9,0.59,-15836.74,0.58, ,,AV offset B,-18584.00333,18584.00333,,,2843.103333,,,2827.13
5,-15501.31,0.61,-15645.07,0.6, ,,AV offset D,-18663.87,18663.87,,,3082.693333,,,3018.8
8,-15309.64,0.62,-15501.31,0.61, ,,,,,,,3274.363333,,,3162.56
11,-15117.97,0.63,-15357.56,0.62, ,,,C,G,,,3466.033333,,,3306.31
13,-14878.39,0.65,-15213.81,0.63, ,,At 80,8114.033333,8098.06,,,3705.613333,,,3450.06
16,-14734.63,0.66,-15070.06,0.64, ,,AV after 80,19105.66276,19226.59986,,,3849.373333,,,3593.81
19,-14590.88,0.67,-14974.22,0.64, ,,Max,19326.72333,19502.43,,,3993.123333,,,3689.65
22,-14447.13,0.68,-14878.39,0.65, ,,Std after 80,903.4472874,893.9745134,,,4136.873333,,,3785.48
25,-14351.29,0.68,-14830.47,0.65, ,,,,,,,4232.713333,,,3833.4
28,-14255.46,0.69,-14782.55,0.65, ,,,,,,,4328.543333,,,3881.32
30,-14207.54,0.69,-14686.71,0.66, ,,,,,,,4376.463333,,,3977.16
33,-14159.62,0.7,-14638.8,0.66, ,,,,,,,4424.383333,,,4025.07
36,-14111.71,0.7,-14638.8,0.66, ,,,,,,,4472.293333,,,4025.07
39,-14063.79,0.7,-14590.88,0.67, ,,,,,,,4520.213333,,,4072.99
42,-14063.79,0.7,-14590.88,0.67, ,,,,,,,4520.213333,,,4072.99
45,-14063.79,0.7,-14590.88,0.67, ,,,,,,,4520.213333,,,4072.99
48,-14111.71,0.7,-14447.13,0.68, ,,,,,,,4472.293333,,,4216.74
51,-13967.95,0.71,-14207.54,0.69, ,,,,,,,4616.053333,,,4456.33
53,-13584.61,0.74,-13824.2,0.72, ,,,,,,,4999.393333,,,4839.67
56,-13249.19,0.76,-13440.86,0.75, ,,,,,,,5334.813333,,,5223.01
59,-12865.85,0.78,-13057.52,0.77, ,,,,,,,5718.153333,,,5606.35
62,-12530.43,0.81,-12674.18,0.8, ,,,,,,,6053.573333,,,5989.69
65,-12242.92,0.83,-12338.76,0.82, ,,,,,,,6341.083333,,,6325.11
68,-12003.34,0.84,-12099.17,0.84, ,,,,,,,6580.663333,,,6564.7
70,-11715.83,0.86,-11811.67,0.85, ,,,,,,,6868.173333,,,6852.2
73,-11380.41,0.88,-11476.24,0.88, ,,,,,,,7203.593333,,,7187.63
76,-11092.9,0.9,-11140.82,0.9, ,,,,,,,7491.103333,,,7523.05
79,-10757.48,0.93,-10853.31,0.92, ,,,,,,,7826.523333,,,7810.56
82,-10469.97,0.95,-10565.81,0.94, ,,,,,,,8114.033333,,,8098.06
92,-9559.54,1.01,-9607.46,1, ,,,,,,,9024.463333,,,9056.41
102,-8792.86,1.06,-8744.95,1.06, ,,,,,,,9791.143333,,,9918.92
112,-8026.18,1.11,-7978.26,1.11, ,,,,,,,10557.82333,,,10685.61
122,-7307.42,1.16,-7259.5,1.16, ,,,,,,,11276.58333,,,11404.37
132,-6684.49,1.2,-6588.66,1.21, ,,,,,,,11899.51333,,,12075.21
142,-6157.4,1.24,-6013.65,1.25, ,,,,,,,12426.60333,,,12650.22
152,-5678.22,1.27,-5534.47,1.28, ,,,,,,,12905.78333,,,13129.4
162,-5151.13,1.3,-5055.3,1.31, ,,,,,,,13432.87333,,,13608.57
172,-4719.87,1.33,-4576.12,1.34, ,,,,,,,13864.13333,,,14087.75
182,-4288.62,1.36,-4144.86,1.37, ,,,,,,,14295.38333,,,14519.01
192,-3905.28,1.39,-3761.52,1.4, ,,,,,,,14678.72333,,,14902.35
202,-3569.85,1.41,-3378.18,1.42, ,,,,,,,15014.15333,,,15285.69
212,-3234.43,1.43,-3042.76,1.45, ,,,,,,,15349.57333,,,15621.11
222,-2946.93,1.45,-2755.26,1.46, ,,,,,,,15637.07333,,,15908.61
232,-2707.34,1.47,-2515.67,1.48, ,,,,,,,15876.66333,,,16148.2
242,-2467.75,1.48,-2276.08,1.5, ,,,,,,,16116.25333,,,16387.79
252,-2228.16,1.5,-1988.58,1.52, ,,,,,,,16355.84333,,,16675.29
262,-1988.58,1.52,-1844.82,1.53, ,,,,,,,16595.42333,,,16819.05
272,-1796.91,1.53,-1605.24,1.54, ,,,,,,,16787.09333,,,17058.63
282,-1653.15,1.54,-1461.48,1.55, ,,,,,,,16930.85333,,,17202.39
292,-1509.4,1.55,-1317.73,1.56, ,,,,,,,17074.60333,,,17346.14
302,-1317.73,1.56,-1173.98,1.57, ,,,,,,,17266.27333,,,17489.89
312,-1173.98,1.57,-1030.23,1.58, ,,,,,,,17410.02333,,,17633.64
322,-1078.14,1.58,-886.47,1.59, ,,,,,,,17505.86333,,,17777.4
332,-934.39,1.59,-790.64,1.6, ,,,,,,,17649.61333,,,17873.23
342,-838.56,1.59,-694.8,1.6, ,,,,,,,17745.44333,,,17969.07
352,-742.72,1.6,-598.97,1.61, ,,,,,,,17841.28333,,,18064.9
362,-646.89,1.61,-455.22,1.62, ,,,,,,,17937.11333,,,18208.65
372,-551.05,1.61,-407.3,1.62, ,,,,,,,18032.95333,,,18256.57
382,-455.22,1.62,-311.46,1.63, ,,,,,,,18128.78333,,,18352.41
392,-407.3,1.62,-263.55,1.63, ,,,,,,,18176.70333,,,18400.32
402,-359.38,1.63,-215.63,1.64, ,,,,,,,18224.62333,,,18448.24
412,-215.63,1.64,-167.71,1.64, ,,,,,,,18368.37333,,,18496.16
422,-215.63,1.64,-71.88,1.65, ,,,,,,,18368.37333,,,18591.99
432,-119.79,1.64,-23.96,1.65, ,,,,,,,18464.21333,,,18639.91
442,-119.79,1.64,23.96,1.65, ,,,,,,,18464.21333,,,18687.83
452,-23.96,1.65,71.88,1.65, ,,,,,,,18560.04333,,,18735.75
462,23.96,1.65,119.79,1.66, ,,,,,,,18607.96333,,,18783.66
472,23.96,1.65,167.71,1.66, ,,,,,,,18607.96333,,,18831.58
482,119.79,1.66,263.55,1.67, ,,,,,,,18703.79333,,,18927.42
492,119.79,1.66,215.63,1.66, ,,,,,,,18703.79333,,,18879.5
502,167.71,1.66,215.63,1.66, ,,,,,,,18751.71333,,,18879.5
512,167.71,1.66,263.55,1.67, ,,,,,,,18751.71333,,,18927.42
522,215.63,1.66,311.46,1.67, ,,,,,,,18799.63333,,,18975.33
532,215.63,1.66,311.46,1.67, ,,,,,,,18799.63333,,,18975.33
542,311.46,1.67,359.38,1.67, ,,,,,,,18895.46333,,,19023.25
552,311.46,1.67,359.38,1.67, ,,,,,,,18895.46333,,,19023.25
562,311.46,1.67,359.38,1.67, ,,,,,,,18895.46333,,,19023.25
572,359.38,1.67,407.3,1.68, ,,,,,,,18943.38333,,,19071.17
582,359.38,1.67,455.22,1.68, ,,,,,,,18943.38333,,,19119.09
592,359.38,1.67,407.3,1.68, ,,,,,,,18943.38333,,,19071.17
602,359.38,1.67,455.22,1.68, ,,,,,,,18943.38333,,,19119.09
612,359.38,1.67,455.22,1.68, ,,,,,,,18943.38333,,,19119.09
622,407.3,1.68,455.22,1.68, ,,,,,,,18991.30333,,,19119.09
632,407.3,1.68,503.13,1.68, ,,,,,,,18991.30333,,,19167
642,455.22,1.68,503.13,1.68, ,,,,,,,19039.22333,,,19167
652,455.22,1.68,503.13,1.68, ,,,,,,,19039.22333,,,19167
662,551.05,1.69,598.97,1.69, ,,,,,,,19135.05333,,,19262.84
672,503.13,1.68,551.05,1.69, ,,,,,,,19087.13333,,,19214.92
682,551.05,1.69,598.97,1.69, ,,,,,,,19135.05333,,,19262.84
692,551.05,1.69,598.97,1.69, ,,,,,,,19135.05333,,,19262.84
702,598.97,1.69,598.97,1.69, ,,,,,,,19182.97333,,,19262.84
712,598.97,1.69,646.89,1.69, ,,,,,,,19182.97333,,,19310.76
722,551.05,1.69,598.97,1.69, ,,,,,,,19135.05333,,,19262.84
732,551.05,1.69,551.05,1.69, ,,,,,,,19135.05333,,,19214.92
742,551.05,1.69,598.97,1.69, ,,,,,,,19135.05333,,,19262.84
752,551.05,1.69,598.97,1.69, ,,,,,,,19135.05333,,,19262.84
762,598.97,1.69,646.89,1.69, ,,,,,,,19182.97333,,,19310.76
772,598.97,1.69,646.89,1.69, ,,,,,,,19182.97333,,,19310.76
782,598.97,1.69,646.89,1.69, ,,,,,,,19182.97333,,,19310.76
792,598.97,1.69,646.89,1.69, ,,,,,,,19182.97333,,,19310.76
802,598.97,1.69,598.97,1.69, ,,,,,,,19182.97333,,,19262.84
812,551.05,1.69,598.97,1.69, ,,,,,,,19135.05333,,,19262.84
822,551.05,1.69,598.97,1.69, ,,,,,,,19135.05333,,,19262.84
832,551.05,1.69,598.97,1.69, ,,,,,,,19135.05333,,,19262.84
842,551.05,1.69,598.97,1.69, ,,,,,,,19135.05333,,,19262.84
852,551.05,1.69,646.89,1.69, ,,,,,,,19135.05333,,,19310.76
862,598.97,1.69,646.89,1.69, ,,,,,,,19182.97333,,,19310.76
872,646.89,1.69,646.89,1.69, ,,,,,,,19230.89333,,,19310.76
882,598.97,1.69,646.89,1.69, ,,,,,,,19182.97333,,,19310.76
892,598.97,1.69,646.89,1.69, ,,,,,,,19182.97333,,,19310.76
902,598.97,1.69,646.89,1.69, ,,,,,,,19182.97333,,,19310.76
912,598.97,1.69,646.89,1.69, ,,,,,,,19182.97333,,,19310.76
922,646.89,1.69,694.8,1.7, ,,,,,,,19230.89333,,,19358.67
932,646.89,1.69,742.72,1.7, ,,,,,,,19230.89333,,,19406.59
942,598.97,1.69,694.8,1.7, ,,,,,,,19182.97333,,,19358.67
952,646.89,1.69,742.72,1.7, ,,,,,,,19230.89333,,,19406.59
962,646.89,1.69,694.8,1.7, ,,,,,,,19230.89333,,,19358.67
972,646.89,1.69,694.8,1.7, ,,,,,,,19230.89333,,,19358.67
982,646.89,1.69,694.8,1.7, ,,,,,,,19230.89333,,,19358.67
992,598.97,1.69,694.8,1.7, ,,,,,,,19182.97333,,,19358.67
1002,646.89,1.69,694.8,1.7, ,,,,,,,19230.89333,,,19358.67
1012,646.89,1.69,694.8,1.7, ,,,,,,,19230.89333,,,19358.67
1022,646.89,1.69,694.8,1.7, ,,,,,,,19230.89333,,,19358.67
1032,646.89,1.69,694.8,1.7, ,,,,,,,19230.89333,,,19358.67
1042,598.97,1.69,646.89,1.69, ,,,,,,,19182.97333,,,19310.76
1052,598.97,1.69,646.89,1.69, ,,,,,,,19182.97333,,,19310.76
1062,646.89,1.69,646.89,1.69, ,,,,,,,19230.89333,,,19310.76
1072,646.89,1.69,646.89,1.69, ,,,,,,,19230.89333,,,19310.76
1082,646.89,1.69,646.89,1.69, ,,,,,,,19230.89333,,,19310.76
1092,598.97,1.69,646.89,1.69, ,,,,,,,19182.97333,,,19310.76
1102,598.97,1.69,646.89,1.69, ,,,,,,,19182.97333,,,19310.76
1112,598.97,1.69,646.89,1.69, ,,,,,,,19182.97333,,,19310.76
1122,598.97,1.69,694.8,1.7, ,,,,,,,19182.97333,,,19358.67
1132,646.89,1.69,694.8,1.7, ,,,,,,,19230.89333,,,19358.67
1142,646.89,1.69,694.8,1.7, ,,,,,,,19230.89333,,,19358.67
1152,646.89,1.69,646.89,1.69, ,,,,,,,19230.89333,,,19310.76
1162,598.97,1.69,646.89,1.69, ,,,,,,,19182.97333,,,19310.76
1172,646.89,1.69,694.8,1.7, ,,,,,,,19230.89333,,,19358.67
1182,646.89,1.69,646.89,1.69, ,,,,,,,19230.89333,,,19310.76
1192,598.97,1.69,694.8,1.7, ,,,,,,,19182.97333,,,19358.67
1202,646.89,1.69,646.89,1.69, ,,,,,,,19230.89333,,,19310.76
1212,646.89,1.69,694.8,1.7, ,,,,,,,19230.89333,,,19358.67
1222,598.97,1.69,646.89,1.69, ,,,,,,,19182.97333,,,19310.76
1232,598.97,1.69,694.8,1.7, ,,,,,,,19182.97333,,,19358.67
1242,646.89,1.69,694.8,1.7, ,,,,,,,19230.89333,,,19358.67
1252,646.89,1.69,694.8,1.7, ,,,,,,,19230.89333,,,19358.67
1262,598.97,1.69,646.89,1.69, ,,,,,,,19182.97333,,,19310.76
1272,598.97,1.69,694.8,1.7, ,,,,,,,19182.97333,,,19358.67
1282,646.89,1.69,694.8,1.7, ,,,,,,,19230.89333,,,19358.67
1292,598.97,1.69,646.89,1.69, ,,,,,,,19182.97333,,,19310.76
1302,646.89,1.69,694.8,1.7, ,,,,,,,19230.89333,,,19358.67
1312,646.89,1.69,694.8,1.7, ,,,,,,,19230.89333,,,19358.67
1322,646.89,1.69,646.89,1.69, ,,,,,,,19230.89333,,,19310.76
1332,646.89,1.69,694.8,1.7, ,,,,,,,19230.89333,,,19358.67
1342,646.89,1.69,694.8,1.7, ,,,,,,,19230.89333,,,19358.67
1352,646.89,1.69,694.8,1.7, ,,,,,,,19230.89333,,,19358.67
1362,646.89,1.69,694.8,1.7, ,,,,,,,19230.89333,,,19358.67
1372,646.89,1.69,742.72,1.7, ,,,,,,,19230.89333,,,19406.59
1382,646.89,1.69,694.8,1.7, ,,,,,,,19230.89333,,,19358.67
1392,646.89,1.69,742.72,1.7, ,,,,,,,19230.89333,,,19406.59
1402,646.89,1.69,694.8,1.7, ,,,,,,,19230.89333,,,19358.67
1412,646.89,1.69,790.64,1.7, ,,,,,,,19230.89333,,,19454.51
1422,646.89,1.69,694.8,1.7, ,,,,,,,19230.89333,,,19358.67
1432,598.97,1.69,694.8,1.7, ,,,,,,,19182.97333,,,19358.67
1442,646.89,1.69,694.8,1.7, ,,,,,,,19230.89333,,,19358.67
1452,646.89,1.69,694.8,1.7, ,,,,,,,19230.89333,,,19358.67
1462,646.89,1.69,694.8,1.7, ,,,,,,,19230.89333,,,19358.67
1472,646.89,1.69,694.8,1.7, ,,,,,,,19230.89333,,,19358.67
1482,646.89,1.69,694.8,1.7, ,,,,,,,19230.89333,,,19358.67
1492,646.89,1.69,694.8,1.7, ,,,,,,,19230.89333,,,19358.67
1502,646.89,1.69,694.8,1.7, ,,,,,,,19230.89333,,,19358.67
1512,646.89,1.69,694.8,1.7, ,,,,,,,19230.89333,,,19358.67
1522,646.89,1.69,694.8,1.7, ,,,,,,,19230.89333,,,19358.67
1532,646.89,1.69,694.8,1.7, ,,,,,,,19230.89333,,,19358.67
1542,598.97,1.69,694.8,1.7, ,,,,,,,19182.97333,,,19358.67
1552,646.89,1.69,694.8,1.7, ,,,,,,,19230.89333,,,19358.67
1562,646.89,1.69,694.8,1.7, ,,,,,,,19230.89333,,,19358.67
1572,646.89,1.69,694.8,1.7, ,,,,,,,19230.89333,,,19358.67
1582,646.89,1.69,694.8,1.7, ,,,,,,,19230.89333,,,19358.67
1592,646.89,1.69,694.8,1.7, ,,,,,,,19230.89333,,,19358.67
1602,646.89,1.69,694.8,1.7, ,,,,,,,19230.89333,,,19358.67
1612,646.89,1.69,694.8,1.7, ,,,,,,,19230.89333,,,19358.67
1622,646.89,1.69,694.8,1.7, ,,,,,,,19230.89333,,,19358.67
1632,646.89,1.69,694.8,1.7, ,,,,,,,19230.89333,,,19358.67
1642,646.89,1.69,694.8,1.7, ,,,,,,,19230.89333,,,19358.67
1652,646.89,1.69,694.8,1.7, ,,,,,,,19230.89333,,,19358.67
1662,646.89,1.69,694.8,1.7, ,,,,,,,19230.89333,,,19358.67
1672,694.8,1.7,694.8,1.7, ,,,,,,,19278.80333,,,19358.67
1682,694.8,1.7,694.8,1.7, ,,,,,,,19278.80333,,,19358.67
1692,694.8,1.7,742.72,1.7, ,,,,,,,19278.80333,,,19406.59
1702,694.8,1.7,694.8,1.7, ,,,,,,,19278.80333,,,19358.67
1712,646.89,1.69,742.72,1.7, ,,,,,,,19230.89333,,,19406.59
1722,646.89,1.69,694.8,1.7, ,,,,,,,19230.89333,,,19358.67
1732,694.8,1.7,742.72,1.7, ,,,,,,,19278.80333,,,19406.59
1742,694.8,1.7,694.8,1.7, ,,,,,,,19278.80333,,,19358.67
1752,646.89,1.69,694.8,1.7, ,,,,,,,19230.89333,,,19358.67
1762,646.89,1.69,694.8,1.7, ,,,,,,,19230.89333,,,19358.67
1772,646.89,1.69,694.8,1.7, ,,,,,,,19230.89333,,,19358.67
1782,694.8,1.7,694.8,1.7, ,,,,,,,19278.80333,,,19358.67
1792,694.8,1.7,694.8,1.7, ,,,,,,,19278.80333,,,19358.67
1802,646.89,1.69,694.8,1.7, ,,,,,,,19230.89333,,,19358.67
1812,646.89,1.69,694.8,1.7, ,,,,,,,19230.89333,,,19358.67
1822,646.89,1.69,694.8,1.7, ,,,,,,,19230.89333,,,19358.67
1832,646.89,1.69,694.8,1.7, ,,,,,,,19230.89333,,,19358.67
1842,646.89,1.69,694.8,1.7, ,,,,,,,19230.89333,,,19358.67
1852,646.89,1.69,694.8,1.7, ,,,,,,,19230.89333,,,19358.67
1862,646.89,1.69,694.8,1.7, ,,,,,,,19230.89333,,,19358.67
1872,646.89,1.69,694.8,1.7, ,,,,,,,19230.89333,,,19358.67
1882,646.89,1.69,694.8,1.7, ,,,,,,,19230.89333,,,19358.67
1892,646.89,1.69,694.8,1.7, ,,,,,,,19230.89333,,,19358.67
1902,646.89,1.69,694.8,1.7, ,,,,,,,19230.89333,,,19358.67
1912,646.89,1.69,694.8,1.7, ,,,,,,,19230.89333,,,19358.67
1922,646.89,1.69,694.8,1.7, ,,,,,,,19230.89333,,,19358.67
1932,646.89,1.69,694.8,1.7, ,,,,,,,19230.89333,,,19358.67
1942,646.89,1.69,694.8,1.7, ,,,,,,,19230.89333,,,19358.67
1952,646.89,1.69,694.8,1.7, ,,,,,,,19230.89333,,,19358.67
1962,646.89,1.69,694.8,1.7, ,,,,,,,19230.89333,,,19358.67
1972,646.89,1.69,694.8,1.7, ,,,,,,,19230.89333,,,19358.67
1982,646.89,1.69,694.8,1.7, ,,,,,,,19230.89333,,,19358.67
1992,598.97,1.69,694.8,1.7, ,,,,,,,19182.97333,,,19358.67
2002,646.89,1.69,694.8,1.7, ,,,,,,,19230.89333,,,19358.67
2012,646.89,1.69,694.8,1.7, ,,,,,,,19230.89333,,,19358.67
2022,598.97,1.69,694.8,1.7, ,,,,,,,19182.97333,,,19358.67
2032,598.97,1.69,694.8,1.7, ,,,,,,,19182.97333,,,19358.67
2042,646.89,1.69,694.8,1.7, ,,,,,,,19230.89333,,,19358.67
2052,646.89,1.69,646.89,1.69, ,,,,,,,19230.89333,,,19310.76
2062,646.89,1.69,694.8,1.7, ,,,,,,,19230.89333,,,19358.67
2072,598.97,1.69,694.8,1.7, ,,,,,,,19182.97333,,,19358.67
2082,646.89,1.69,694.8,1.7, ,,,,,,,19230.89333,,,19358.67
2092,646.89,1.69,646.89,1.69, ,,,,,,,19230.89333,,,19310.76
2102,646.89,1.69,694.8,1.7, ,,,,,,,19230.89333,,,19358.67
2112,646.89,1.69,694.8,1.7, ,,,,,,,19230.89333,,,19358.67
2122,598.97,1.69,694.8,1.7, ,,,,,,,19182.97333,,,19358.67
2132,646.89,1.69,694.8,1.7, ,,,,,,,19230.89333,,,19358.67
2142,646.89,1.69,694.8,1.7, ,,,,,,,19230.89333,,,19358.67
2152,646.89,1.69,694.8,1.7, ,,,,,,,19230.89333,,,19358.67
2162,598.97,1.69,694.8,1.7, ,,,,,,,19182.97333,,,19358.67
2172,646.89,1.69,694.8,1.7, ,,,,,,,19230.89333,,,19358.67
2182,646.89,1.69,694.8,1.7, ,,,,,,,19230.89333,,,19358.67
2192,598.97,1.69,694.8,1.7, ,,,,,,,19182.97333,,,19358.67
2202,646.89,1.69,694.8,1.7, ,,,,,,,19230.89333,,,19358.67
2212,646.89,1.69,694.8,1.7, ,,,,,,,19230.89333,,,19358.67
2222,598.97,1.69,694.8,1.7, ,,,,,,,19182.97333,,,19358.67
2232,598.97,1.69,646.89,1.69, ,,,,,,,19182.97333,,,19310.76
2242,646.89,1.69,694.8,1.7, ,,,,,,,19230.89333,,,19358.67
2252,646.89,1.69,694.8,1.7, ,,,,,,,19230.89333,,,19358.67
2262,646.89,1.69,694.8,1.7, ,,,,,,,19230.89333,,,19358.67
2272,646.89,1.69,694.8,1.7, ,,,,,,,19230.89333,,,19358.67
2282,598.97,1.69,694.8,1.7, ,,,,,,,19182.97333,,,19358.67
2292,598.97,1.69,646.89,1.69, ,,,,,,,19182.97333,,,19310.76
2302,646.89,1.69,694.8,1.7, ,,,,,,,19230.89333,,,19358.67
2312,598.97,1.69,646.89,1.69, ,,,,,,,19182.97333,,,19310.76
2322,598.97,1.69,646.89,1.69, ,,,,,,,19182.97333,,,19310.76
2332,598.97,1.69,694.8,1.7, ,,,,,,,19182.97333,,,19358.67
2342,598.97,1.69,646.89,1.69, ,,,,,,,19182.97333,,,19310.76
2352,646.89,1.69,694.8,1.7, ,,,,,,,19230.89333,,,19358.67
2362,598.97,1.69,694.8,1.7, ,,,,,,,19182.97333,,,19358.67
2372,598.97,1.69,694.8,1.7, ,,,,,,,19182.97333,,,19358.67
2382,646.89,1.69,694.8,1.7, ,,,,,,,19230.89333,,,19358.67
2392,598.97,1.69,694.8,1.7, ,,,,,,,19182.97333,,,19358.67
2402,598.97,1.69,694.8,1.7, ,,,,,,,19182.97333,,,19358.67
2412,646.89,1.69,646.89,1.69, ,,,,,,,19230.89333,,,19310.76
2422,646.89,1.69,646.89,1.69, ,,,,,,,19230.89333,,,19310.76
2432,646.89,1.69,646.89,1.69, ,,,,,,,19230.89333,,,19310.76
2442,646.89,1.69,694.8,1.7, ,,,,,,,19230.89333,,,19358.67
2452,598.97,1.69,694.8,1.7, ,,,,,,,19182.97333,,,19358.67
2462,646.89,1.69,742.72,1.7, ,,,,,,,19230.89333,,,19406.59
2472,646.89,1.69,694.8,1.7, ,,,,,,,19230.89333,,,19358.67
2482,646.89,1.69,694.8,1.7, ,,,,,,,19230.89333,,,19358.67
2492,598.97,1.69,646.89,1.69, ,,,,,,,19182.97333,,,19310.76
2502,598.97,1.69,646.89,1.69, ,,,,,,,19182.97333,,,19310.76
2512,598.97,1.69,694.8,1.7, ,,,,,,,19182.97333,,,19358.67
2522,598.97,1.69,646.89,1.69, ,,,,,,,19182.97333,,,19310.76
2532,598.97,1.69,646.89,1.69, ,,,,,,,19182.97333,,,19310.76
2542,598.97,1.69,694.8,1.7, ,,,,,,,19182.97333,,,19358.67
2552,646.89,1.69,694.8,1.7, ,,,,,,,19230.89333,,,19358.67
2562,598.97,1.69,694.8,1.7, ,,,,,,,19182.97333,,,19358.67
2572,646.89,1.69,646.89,1.69, ,,,,,,,19230.89333,,,19310.76
2582,598.97,1.69,646.89,1.69, ,,,,,,,19182.97333,,,19310.76
2592,598.97,1.69,646.89,1.69, ,,,,,,,19182.97333,,,19310.76
2602,646.89,1.69,694.8,1.7, ,,,,,,,19230.89333,,,19358.67
2612,598.97,1.69,646.89,1.69, ,,,,,,,19182.97333,,,19310.76
2622,598.97,1.69,694.8,1.7, ,,,,,,,19182.97333,,,19358.67
2632,646.89,1.69,694.8,1.7, ,,,,,,,19230.89333,,,19358.67
2642,646.89,1.69,694.8,1.7, ,,,,,,,19230.89333,,,19358.67
2652,646.89,1.69,694.8,1.7, ,,,,,,,19230.89333,,,19358.67
2662,646.89,1.69,694.8,1.7, ,,,,,,,19230.89333,,,19358.67
2672,646.89,1.69,694.8,1.7, ,,,,,,,19230.89333,,,19358.67
2682,646.89,1.69,694.8,1.7, ,,,,,,,19230.89333,,,19358.67
2692,646.89,1.69,694.8,1.7, ,,,,,,,19230.89333,,,19358.67
2702,646.89,1.69,646.89,1.69, ,,,,,,,19230.89333,,,19310.76
2712,598.97,1.69,694.8,1.7, ,,,,,,,19182.97333,,,19358.67
2722,646.89,1.69,694.8,1.7, ,,,,,,,19230.89333,,,19358.67
2732,646.89,1.69,694.8,1.7, ,,,,,,,19230.89333,,,19358.67
2742,646.89,1.69,694.8,1.7, ,,,,,,,19230.89333,,,19358.67
2752,646.89,1.69,694.8,1.7, ,,,,,,,19230.89333,,,19358.67
2762,646.89,1.69,694.8,1.7, ,,,,,,,19230.89333,,,19358.67
2772,646.89,1.69,694.8,1.7, ,,,,,,,19230.89333,,,19358.67
2782,598.97,1.69,694.8,1.7, ,,,,,,,19182.97333,,,19358.67
2792,646.89,1.69,694.8,1.7, ,,,,,,,19230.89333,,,19358.67
2802,646.89,1.69,646.89,1.69, ,,,,,,,19230.89333,,,19310.76
2812,646.89,1.69,694.8,1.7, ,,,,,,,19230.89333,,,19358.67
2822,646.89,1.69,694.8,1.7, ,,,,,,,19230.89333,,,19358.67
2832,646.89,1.69,694.8,1.7, ,,,,,,,19230.89333,,,19358.67
2842,598.97,1.69,694.8,1.7, ,,,,,,,19182.97333,,,19358.67
2852,598.97,1.69,646.89,1.69, ,,,,,,,19182.97333,,,19310.76
2862,598.97,1.69,742.72,1.7, ,,,,,,,19182.97333,,,19406.59
2872,646.89,1.69,694.8,1.7, ,,,,,,,19230.89333,,,19358.67
2882,646.89,1.69,742.72,1.7, ,,,,,,,19230.89333,,,19406.59
2892,646.89,1.69,694.8,1.7, ,,,,,,,19230.89333,,,19358.67
2902,646.89,1.69,694.8,1.7, ,,,,,,,19230.89333,,,19358.67
2912,646.89,1.69,694.8,1.7, ,,,,,,,19230.89333,,,19358.67
2922,598.97,1.69,694.8,1.7, ,,,,,,,19182.97333,,,19358.67
2932,646.89,1.69,694.8,1.7, ,,,,,,,19230.89333,,,19358.67
2942,598.97,1.69,694.8,1.7, ,,,,,,,19182.97333,,,19358.67
2952,646.89,1.69,694.8,1.7, ,,,,,,,19230.89333,,,19358.67
2962,646.89,1.69,694.8,1.7, ,,,,,,,19230.89333,,,19358.67
2972,646.89,1.69,646.89,1.69, ,,,,,,,19230.89333,,,19310.76
2982,598.97,1.69,646.89,1.69, ,,,,,,,19182.97333,,,19310.76
2992,646.89,1.69,694.8,1.7, ,,,,,,,19230.89333,,,19358.67
3002,598.97,1.69,694.8,1.7, ,,,,,,,19182.97333,,,19358.67
3012,598.97,1.69,694.8,1.7, ,,,,,,,19182.97333,,,19358.67
3022,598.97,1.69,694.8,1.7, ,,,,,,,19182.97333,,,19358.67
3032,646.89,1.69,694.8,1.7, ,,,,,,,19230.89333,,,19358.67
3042,646.89,1.69,694.8,1.7, ,,,,,,,19230.89333,,,19358.67
3052,598.97,1.69,694.8,1.7, ,,,,,,,19182.97333,,,19358.67
3062,598.97,1.69,646.89,1.69, ,,,,,,,19182.97333,,,19310.76
3072,646.89,1.69,694.8,1.7, ,,,,,,,19230.89333,,,19358.67
3082,646.89,1.69,694.8,1.7, ,,,,,,,19230.89333,,,19358.67
3092,646.89,1.69,646.89,1.69, ,,,,,,,19230.89333,,,19310.76
3102,598.97,1.69,694.8,1.7, ,,,,,,,19182.97333,,,19358.67
3112,646.89,1.69,694.8,1.7, ,,,,,,,19230.89333,,,19358.67
3122,646.89,1.69,694.8,1.7, ,,,,,,,19230.89333,,,19358.67
3132,646.89,1.69,694.8,1.7, ,,,,,,,19230.89333,,,19358.67
3142,598.97,1.69,694.8,1.7, ,,,,,,,19182.97333,,,19358.67
3152,646.89,1.69,694.8,1.7, ,,,,,,,19230.89333,,,19358.67
3162,598.97,1.69,694.8,1.7, ,,,,,,,19182.97333,,,19358.67
3172,646.89,1.69,694.8,1.7, ,,,,,,,19230.89333,,,19358.67
3182,646.89,1.69,694.8,1.7, ,,,,,,,19230.89333,,,19358.67
3192,646.89,1.69,694.8,1.7, ,,,,,,,19230.89333,,,19358.67
3202,646.89,1.69,694.8,1.7, ,,,,,,,19230.89333,,,19358.67
3212,598.97,1.69,694.8,1.7, ,,,,,,,19182.97333,,,19358.67
3222,646.89,1.69,646.89,1.69, ,,,,,,,19230.89333,,,19310.76
3232,646.89,1.69,694.8,1.7, ,,,,,,,19230.89333,,,19358.67
3242,598.97,1.69,694.8,1.7, ,,,,,,,19182.97333,,,19358.67
3252,646.89,1.69,694.8,1.7, ,,,,,,,19230.89333,,,19358.67
3262,646.89,1.69,646.89,1.69, ,,,,,,,19230.89333,,,19310.76
3272,646.89,1.69,694.8,1.7, ,,,,,,,19230.89333,,,19358.67
3282,646.89,1.69,646.89,1.69, ,,,,,,,19230.89333,,,19310.76
3292,598.97,1.69,694.8,1.7, ,,,,,,,19182.97333,,,19358.67
3302,598.97,1.69,646.89,1.69, ,,,,,,,19182.97333,,,19310.76
3312,646.89,1.69,694.8,1.7, ,,,,,,,19230.89333,,,19358.67
3322,646.89,1.69,694.8,1.7, ,,,,,,,19230.89333,,,19358.67
3332,646.89,1.69,694.8,1.7, ,,,,,,,19230.89333,,,19358.67
3342,598.97,1.69,694.8,1.7, ,,,,,,,19182.97333,,,19358.67
3352,646.89,1.69,694.8,1.7, ,,,,,,,19230.89333,,,19358.67
3362,598.97,1.69,646.89,1.69, ,,,,,,,19182.97333,,,19310.76
3372,646.89,1.69,646.89,1.69, ,,,,,,,19230.89333,,,19310.76
3382,646.89,1.69,694.8,1.7, ,,,,,,,19230.89333,,,19358.67
3392,646.89,1.69,646.89,1.69, ,,,,,,,19230.89333,,,19310.76
3402,598.97,1.69,646.89,1.69, ,,,,,,,19182.97333,,,19310.76
3412,598.97,1.69,646.89,1.69, ,,,,,,,19182.97333,,,19310.76
3422,646.89,1.69,694.8,1.7, ,,,,,,,19230.89333,,,19358.67
3432,646.89,1.69,694.8,1.7, ,,,,,,,19230.89333,,,19358.67
3442,646.89,1.69,694.8,1.7, ,,,,,,,19230.89333,,,19358.67
3452,598.97,1.69,694.8,1.7, ,,,,,,,19182.97333,,,19358.67
3462,646.89,1.69,694.8,1.7, ,,,,,,,19230.89333,,,19358.67
3472,646.89,1.69,694.8,1.7, ,,,,,,,19230.89333,,,19358.67
3482,646.89,1.69,694.8,1.7, ,,,,,,,19230.89333,,,19358.67
3492,598.97,1.69,694.8,1.7, ,,,,,,,19182.97333,,,19358.67
3502,598.97,1.69,694.8,1.7, ,,,,,,,19182.97333,,,19358.67
3512,646.89,1.69,646.89,1.69, ,,,,,,,19230.89333,,,19310.76
3522,646.89,1.69,694.8,1.7, ,,,,,,,19230.89333,,,19358.67
3532,598.97,1.69,646.89,1.69, ,,,,,,,19182.97333,,,19310.76
3542,646.89,1.69,694.8,1.7, ,,,,,,,19230.89333,,,19358.67
3552,646.89,1.69,694.8,1.7, ,,,,,,,19230.89333,,,19358.67
3562,598.97,1.69,694.8,1.7, ,,,,,,,19182.97333,,,19358.67
3572,646.89,1.69,694.8,1.7, ,,,,,,,19230.89333,,,19358.67
3582,646.89,1.69,694.8,1.7, ,,,,,,,19230.89333,,,19358.67
3592,646.89,1.69,694.8,1.7, ,,,,,,,19230.89333,,,19358.67
3602,646.89,1.69,694.8,1.7, ,,,,,,,19230.89333,,,19358.67
3612,646.89,1.69,646.89,1.69, ,,,,,,,19230.89333,,,19310.76
3622,646.89,1.69,694.8,1.7, ,,,,,,,19230.89333,,,19358.67
3632,598.97,1.69,646.89,1.69, ,,,,,,,19182.97333,,,19310.76
3642,646.89,1.69,694.8,1.7, ,,,,,,,19230.89333,,,19358.67
3652,598.97,1.69,694.8,1.7, ,,,,,,,19182.97333,,,19358.67
3662,598.97,1.69,694.8,1.7, ,,,,,,,19182.97333,,,19358.67
3672,598.97,1.69,694.8,1.7, ,,,,,,,19182.97333,,,19358.67
3682,646.89,1.69,694.8,1.7, ,,,,,,,19230.89333,,,19358.67
3692,598.97,1.69,694.8,1.7, ,,,,,,,19182.97333,,,19358.67
3702,646.89,1.69,694.8,1.7, ,,,,,,,19230.89333,,,19358.67
3712,646.89,1.69,646.89,1.69, ,,,,,,,19230.89333,,,19310.76
3722,598.97,1.69,694.8,1.7, ,,,,,,,19182.97333,,,19358.67
3732,646.89,1.69,646.89,1.69, ,,,,,,,19230.89333,,,19310.76
3742,598.97,1.69,694.8,1.7, ,,,,,,,19182.97333,,,19358.67
3752,598.97,1.69,694.8,1.7, ,,,,,,,19182.97333,,,19358.67
3762,598.97,1.69,694.8,1.7, ,,,,,,,19182.97333,,,19358.67
3772,646.89,1.69,694.8,1.7, ,,,,,,,19230.89333,,,19358.67
3782,646.89,1.69,646.89,1.69, ,,,,,,,19230.89333,,,19310.76
3792,646.89,1.69,694.8,1.7, ,,,,,,,19230.89333,,,19358.67
3802,646.89,1.69,694.8,1.7, ,,,,,,,19230.89333,,,19358.67
3812,646.89,1.69,694.8,1.7, ,,,,,,,19230.89333,,,19358.67
3822,646.89,1.69,646.89,1.69, ,,,,,,,19230.89333,,,19310.76
3832,646.89,1.69,646.89,1.69, ,,,,,,,19230.89333,,,19310.76
3842,646.89,1.69,646.89,1.69, ,,,,,,,19230.89333,,,19310.76
3852,646.89,1.69,646.89,1.69, ,,,,,,,19230.89333,,,19310.76
3862,646.89,1.69,646.89,1.69, ,,,,,,,19230.89333,,,19310.76
3872,646.89,1.69,646.89,1.69, ,,,,,,,19230.89333,,,19310.76
3882,646.89,1.69,694.8,1.7, ,,,,,,,19230.89333,,,19358.67
3892,646.89,1.69,646.89,1.69, ,,,,,,,19230.89333,,,19310.76
3902,646.89,1.69,646.89,1.69, ,,,,,,,19230.89333,,,19310.76
3912,598.97,1.69,694.8,1.7, ,,,,,,,19182.97333,,,19358.67
3922,646.89,1.69,694.8,1.7, ,,,,,,,19230.89333,,,19358.67
3932,598.97,1.69,646.89,1.69, ,,,,,,,19182.97333,,,19310.76
3942,646.89,1.69,742.72,1.7, ,,,,,,,19230.89333,,,19406.59
3952,598.97,1.69,742.72,1.7, ,,,,,,,19182.97333,,,19406.59
3962,598.97,1.69,694.8,1.7, ,,,,,,,19182.97333,,,19358.67
3972,646.89,1.69,694.8,1.7, ,,,,,,,19230.89333,,,19358.67
3982,646.89,1.69,694.8,1.7, ,,,,,,,19230.89333,,,19358.67
3992,646.89,1.69,742.72,1.7, ,,,,,,,19230.89333,,,19406.59
4002,598.97,1.69,694.8,1.7, ,,,,,,,19182.97333,,,19358.67
4012,646.89,1.69,694.8,1.7, ,,,,,,,19230.89333,,,19358.67
4022,646.89,1.69,742.72,1.7, ,,,,,,,19230.89333,,,19406.59
4032,598.97,1.69,646.89,1.69, ,,,,,,,19182.97333,,,19310.76
4042,598.97,1.69,694.8,1.7, ,,,,,,,19182.97333,,,19358.67
4052,646.89,1.69,742.72,1.7, ,,,,,,,19230.89333,,,19406.59
4062,646.89,1.69,694.8,1.7, ,,,,,,,19230.89333,,,19358.67
4072,646.89,1.69,694.8,1.7, ,,,,,,,19230.89333,,,19358.67
4082,646.89,1.69,694.8,1.7, ,,,,,,,19230.89333,,,19358.67
4092,598.97,1.69,694.8,1.7, ,,,,,,,19182.97333,,,19358.67
4102,598.97,1.69,694.8,1.7, ,,,,,,,19182.97333,,,19358.67
4112,598.97,1.69,694.8,1.7, ,,,,,,,19182.97333,,,19358.67
4122,646.89,1.69,694.8,1.7, ,,,,,,,19230.89333,,,19358.67
4132,646.89,1.69,646.89,1.69, ,,,,,,,19230.89333,,,19310.76
4142,598.97,1.69,646.89,1.69, ,,,,,,,19182.97333,,,19310.76
4152,646.89,1.69,694.8,1.7, ,,,,,,,19230.89333,,,19358.67
4162,646.89,1.69,694.8,1.7, ,,,,,,,19230.89333,,,19358.67
4172,646.89,1.69,646.89,1.69, ,,,,,,,19230.89333,,,19310.76
4182,646.89,1.69,694.8,1.7, ,,,,,,,19230.89333,,,19358.67
4192,646.89,1.69,646.89,1.69, ,,,,,,,19230.89333,,,19310.76
4202,646.89,1.69,646.89,1.69, ,,,,,,,19230.89333,,,19310.76
4212,598.97,1.69,694.8,1.7, ,,,,,,,19182.97333,,,19358.67
4222,646.89,1.69,694.8,1.7, ,,,,,,,19230.89333,,,19358.67
4232,598.97,1.69,646.89,1.69, ,,,,,,,19182.97333,,,19310.76
4242,646.89,1.69,694.8,1.7, ,,,,,,,19230.89333,,,19358.67
4252,646.89,1.69,694.8,1.7, ,,,,,,,19230.89333,,,19358.67
4262,646.89,1.69,694.8,1.7, ,,,,,,,19230.89333,,,19358.67
4272,598.97,1.69,694.8,1.7, ,,,,,,,19182.97333,,,19358.67
4282,646.89,1.69,694.8,1.7, ,,,,,,,19230.89333,,,19358.67
4292,646.89,1.69,694.8,1.7, ,,,,,,,19230.89333,,,19358.67
4302,598.97,1.69,694.8,1.7, ,,,,,,,19182.97333,,,19358.67
4312,646.89,1.69,694.8,1.7, ,,,,,,,19230.89333,,,19358.67
4322,598.97,1.69,646.89,1.69, ,,,,,,,19182.97333,,,19310.76
4332,598.97,1.69,694.8,1.7, ,,,,,,,19182.97333,,,19358.67
4342,598.97,1.69,646.89,1.69, ,,,,,,,19182.97333,,,19310.76
4352,646.89,1.69,694.8,1.7, ,,,,,,,19230.89333,,,19358.67
4362,646.89,1.69,694.8,1.7, ,,,,,,,19230.89333,,,19358.67
4372,646.89,1.69,646.89,1.69, ,,,,,,,19230.89333,,,19310.76
4382,646.89,1.69,694.8,1.7, ,,,,,,,19230.89333,,,19358.67
4392,646.89,1.69,694.8,1.7, ,,,,,,,19230.89333,,,19358.67
4402,646.89,1.69,646.89,1.69, ,,,,,,,19230.89333,,,19310.76
4412,646.89,1.69,646.89,1.69, ,,,,,,,19230.89333,,,19310.76
4422,646.89,1.69,694.8,1.7, ,,,,,,,19230.89333,,,19358.67
4432,598.97,1.69,694.8,1.7, ,,,,,,,19182.97333,,,19358.67
4442,646.89,1.69,694.8,1.7, ,,,,,,,19230.89333,,,19358.67
4452,646.89,1.69,694.8,1.7, ,,,,,,,19230.89333,,,19358.67
4462,646.89,1.69,694.8,1.7, ,,,,,,,19230.89333,,,19358.67
4472,598.97,1.69,694.8,1.7, ,,,,,,,19182.97333,,,19358.67
4482,646.89,1.69,694.8,1.7, ,,,,,,,19230.89333,,,19358.67
4492,646.89,1.69,646.89,1.69, ,,,,,,,19230.89333,,,19310.76
4502,646.89,1.69,694.8,1.7, ,,,,,,,19230.89333,,,19358.67
4512,646.89,1.69,694.8,1.7, ,,,,,,,19230.89333,,,19358.67
4522,646.89,1.69,694.8,1.7, ,,,,,,,19230.89333,,,19358.67
4532,598.97,1.69,694.8,1.7, ,,,,,,,19182.97333,,,19358.67
4542,598.97,1.69,646.89,1.69, ,,,,,,,19182.97333,,,19310.76
4552,598.97,1.69,646.89,1.69, ,,,,,,,19182.97333,,,19310.76
4562,646.89,1.69,694.8,1.7, ,,,,,,,19230.89333,,,19358.67
4572,646.89,1.69,694.8,1.7, ,,,,,,,19230.89333,,,19358.67
4582,646.89,1.69,646.89,1.69, ,,,,,,,19230.89333,,,19310.76
4592,598.97,1.69,646.89,1.69, ,,,,,,,19182.97333,,,19310.76
4602,646.89,1.69,646.89,1.69, ,,,,,,,19230.89333,,,19310.76
4612,598.97,1.69,646.89,1.69, ,,,,,,,19182.97333,,,19310.76
4622,598.97,1.69,646.89,1.69, ,,,,,,,19182.97333,,,19310.76
4632,598.97,1.69,694.8,1.7, ,,,,,,,19182.97333,,,19358.67
4642,598.97,1.69,646.89,1.69, ,,,,,,,19182.97333,,,19310.76
4652,598.97,1.69,694.8,1.7, ,,,,,,,19182.97333,,,19358.67
4662,598.97,1.69,646.89,1.69, ,,,,,,,19182.97333,,,19310.76
4672,598.97,1.69,646.89,1.69, ,,,,,,,19182.97333,,,19310.76
4682,646.89,1.69,646.89,1.69, ,,,,,,,19230.89333,,,19310.76
4692,646.89,1.69,694.8,1.7, ,,,,,,,19230.89333,,,19358.67
4702,598.97,1.69,694.8,1.7, ,,,,,,,19182.97333,,,19358.67
4712,646.89,1.69,694.8,1.7, ,,,,,,,19230.89333,,,19358.67
4722,598.97,1.69,646.89,1.69, ,,,,,,,19182.97333,,,19310.76
4732,646.89,1.69,694.8,1.7, ,,,,,,,19230.89333,,,19358.67
4742,646.89,1.69,646.89,1.69, ,,,,,,,19230.89333,,,19310.76
4752,646.89,1.69,646.89,1.69, ,,,,,,,19230.89333,,,19310.76
4762,646.89,1.69,646.89,1.69, ,,,,,,,19230.89333,,,19310.76
4772,646.89,1.69,694.8,1.7, ,,,,,,,19230.89333,,,19358.67
4782,646.89,1.69,646.89,1.69, ,,,,,,,19230.89333,,,19310.76
4792,598.97,1.69,694.8,1.7, ,,,,,,,19182.97333,,,19358.67
4802,646.89,1.69,646.89,1.69, ,,,,,,,19230.89333,,,19310.76
4812,646.89,1.69,646.89,1.69, ,,,,,,,19230.89333,,,19310.76
4822,646.89,1.69,646.89,1.69, ,,,,,,,19230.89333,,,19310.76
4832,646.89,1.69,646.89,1.69, ,,,,,,,19230.89333,,,19310.76
4842,598.97,1.69,646.89,1.69, ,,,,,,,19182.97333,,,19310.76
4852,598.97,1.69,646.89,1.69, ,,,,,,,19182.97333,,,19310.76
4862,646.89,1.69,694.8,1.7, ,,,,,,,19230.89333,,,19358.67
4872,598.97,1.69,646.89,1.69, ,,,,,,,19182.97333,,,19310.76
4882,646.89,1.69,646.89,1.69, ,,,,,,,19230.89333,,,19310.76
4892,646.89,1.69,646.89,1.69, ,,,,,,,19230.89333,,,19310.76
4902,598.97,1.69,694.8,1.7, ,,,,,,,19182.97333,,,19358.67
4912,646.89,1.69,694.8,1.7, ,,,,,,,19230.89333,,,19358.67
4922,646.89,1.69,694.8,1.7, ,,,,,,,19230.89333,,,19358.67
4932,598.97,1.69,646.89,1.69, ,,,,,,,19182.97333,,,19310.76
4942,646.89,1.69,646.89,1.69, ,,,,,,,19230.89333,,,19310.76
4952,598.97,1.69,646.89,1.69, ,,,,,,,19182.97333,,,19310.76
4962,646.89,1.69,646.89,1.69, ,,,,,,,19230.89333,,,19310.76
4972,646.89,1.69,646.89,1.69, ,,,,,,,19230.89333,,,19310.76
4982,598.97,1.69,646.89,1.69, ,,,,,,,19182.97333,,,19310.76
4992,646.89,1.69,646.89,1.69, ,,,,,,,19230.89333,,,19310.76
5002,646.89,1.69,694.8,1.7, ,,,,,,,19230.89333,,,19358.67
5012,598.97,1.69,646.89,1.69, ,,,,,,,19182.97333,,,19310.76
5022,598.97,1.69,694.8,1.7, ,,,,,,,19182.97333,,,19358.67
5032,646.89,1.69,694.8,1.7, ,,,,,,,19230.89333,,,19358.67
5042,646.89,1.69,694.8,1.7, ,,,,,,,19230.89333,,,19358.67
5052,646.89,1.69,694.8,1.7, ,,,,,,,19230.89333,,,19358.67
5062,646.89,1.69,694.8,1.7, ,,,,,,,19230.89333,,,19358.67
5072,646.89,1.69,694.8,1.7, ,,,,,,,19230.89333,,,19358.67
5082,646.89,1.69,694.8,1.7, ,,,,,,,19230.89333,,,19358.67
5092,646.89,1.69,694.8,1.7, ,,,,,,,19230.89333,,,19358.67
5102,646.89,1.69,694.8,1.7, ,,,,,,,19230.89333,,,19358.67
5112,646.89,1.69,694.8,1.7, ,,,,,,,19230.89333,,,19358.67
5122,646.89,1.69,742.72,1.7, ,,,,,,,19230.89333,,,19406.59
5132,646.89,1.69,694.8,1.7, ,,,,,,,19230.89333,,,19358.67
5142,646.89,1.69,646.89,1.69, ,,,,,,,19230.89333,,,19310.76
5152,646.89,1.69,694.8,1.7, ,,,,,,,19230.89333,,,19358.67
5162,646.89,1.69,694.8,1.7, ,,,,,,,19230.89333,,,19358.67
5172,646.89,1.69,694.8,1.7, ,,,,,,,19230.89333,,,19358.67
5182,646.89,1.69,694.8,1.7, ,,,,,,,19230.89333,,,19358.67
5192,646.89,1.69,694.8,1.7, ,,,,,,,19230.89333,,,19358.67
5202,646.89,1.69,694.8,1.7, ,,,,,,,19230.89333,,,19358.67
5212,646.89,1.69,646.89,1.69, ,,,,,,,19230.89333,,,19310.76
5222,646.89,1.69,694.8,1.7, ,,,,,,,19230.89333,,,19358.67
5232,646.89,1.69,694.8,1.7, ,,,,,,,19230.89333,,,19358.67
5242,646.89,1.69,646.89,1.69, ,,,,,,,19230.89333,,,19310.76
5252,646.89,1.69,694.8,1.7, ,,,,,,,19230.89333,,,19358.67
5262,646.89,1.69,694.8,1.7, ,,,,,,,19230.89333,,,19358.67
5272,646.89,1.69,694.8,1.7, ,,,,,,,19230.89333,,,19358.67
5282,646.89,1.69,694.8,1.7, ,,,,,,,19230.89333,,,19358.67
5292,646.89,1.69,694.8,1.7, ,,,,,,,19230.89333,,,19358.67
5302,646.89,1.69,646.89,1.69, ,,,,,,,19230.89333,,,19310.76
5312,646.89,1.69,694.8,1.7, ,,,,,,,19230.89333,,,19358.67
5322,646.89,1.69,694.8,1.7, ,,,,,,,19230.89333,,,19358.67
5332,646.89,1.69,694.8,1.7, ,,,,,,,19230.89333,,,19358.67
5342,646.89,1.69,694.8,1.7, ,,,,,,,19230.89333,,,19358.67
5352,646.89,1.69,694.8,1.7, ,,,,,,,19230.89333,,,19358.67
5362,694.8,1.7,694.8,1.7, ,,,,,,,19278.80333,,,19358.67
5372,646.89,1.69,694.8,1.7, ,,,,,,,19230.89333,,,19358.67
5382,646.89,1.69,646.89,1.69, ,,,,,,,19230.89333,,,19310.76
5392,646.89,1.69,694.8,1.7, ,,,,,,,19230.89333,,,19358.67
5402,646.89,1.69,694.8,1.7, ,,,,,,,19230.89333,,,19358.67
5412,646.89,1.69,694.8,1.7, ,,,,,,,19230.89333,,,19358.67
5422,646.89,1.69,694.8,1.7, ,,,,,,,19230.89333,,,19358.67
5432,646.89,1.69,694.8,1.7, ,,,,,,,19230.89333,,,19358.67
5442,646.89,1.69,694.8,1.7, ,,,,,,,19230.89333,,,19358.67
5452,646.89,1.69,694.8,1.7, ,,,,,,,19230.89333,,,19358.67
5462,646.89,1.69,646.89,1.69, ,,,,,,,19230.89333,,,19310.76
5472,646.89,1.69,694.8,1.7, ,,,,,,,19230.89333,,,19358.67
5482,646.89,1.69,694.8,1.7, ,,,,,,,19230.89333,,,19358.67
5492,694.8,1.7,694.8,1.7, ,,,,,,,19278.80333,,,19358.67
5502,646.89,1.69,694.8,1.7, ,,,,,,,19230.89333,,,19358.67
5512,694.8,1.7,694.8,1.7, ,,,,,,,19278.80333,,,19358.67
5522,646.89,1.69,694.8,1.7, ,,,,,,,19230.89333,,,19358.67
5532,646.89,1.69,694.8,1.7, ,,,,,,,19230.89333,,,19358.67
5542,694.8,1.7,742.72,1.7, ,,,,,,,19278.80333,,,19406.59
5552,646.89,1.69,694.8,1.7, ,,,,,,,19230.89333,,,19358.67
5562,646.89,1.69,694.8,1.7, ,,,,,,,19230.89333,,,19358.67
5572,646.89,1.69,742.72,1.7, ,,,,,,,19230.89333,,,19406.59
5582,646.89,1.69,694.8,1.7, ,,,,,,,19230.89333,,,19358.67
5592,646.89,1.69,694.8,1.7, ,,,,,,,19230.89333,,,19358.67
5602,646.89,1.69,694.8,1.7, ,,,,,,,19230.89333,,,19358.67
5612,646.89,1.69,694.8,1.7, ,,,,,,,19230.89333,,,19358.67
5622,646.89,1.69,694.8,1.7, ,,,,,,,19230.89333,,,19358.67
5632,646.89,1.69,694.8,1.7, ,,,,,,,19230.89333,,,19358.67
5642,694.8,1.7,742.72,1.7, ,,,,,,,19278.80333,,,19406.59
5652,646.89,1.69,694.8,1.7, ,,,,,,,19230.89333,,,19358.67
5662,646.89,1.69,694.8,1.7, ,,,,,,,19230.89333,,,19358.67
5672,646.89,1.69,694.8,1.7, ,,,,,,,19230.89333,,,19358.67
5682,646.89,1.69,694.8,1.7, ,,,,,,,19230.89333,,,19358.67
5692,694.8,1.7,694.8,1.7, ,,,,,,,19278.80333,,,19358.67
5702,694.8,1.7,694.8,1.7, ,,,,,,,19278.80333,,,19358.67
5712,694.8,1.7,694.8,1.7, ,,,,,,,19278.80333,,,19358.67
5722,694.8,1.7,742.72,1.7, ,,,,,,,19278.80333,,,19406.59
5732,694.8,1.7,694.8,1.7, ,,,,,,,19278.80333,,,19358.67
5742,694.8,1.7,694.8,1.7, ,,,,,,,19278.80333,,,19358.67
5752,694.8,1.7,694.8,1.7, ,,,,,,,19278.80333,,,19358.67
5762,694.8,1.7,694.8,1.7, ,,,,,,,19278.80333,,,19358.67
5772,694.8,1.7,742.72,1.7, ,,,,,,,19278.80333,,,19406.59
5782,694.8,1.7,694.8,1.7, ,,,,,,,19278.80333,,,19358.67
5792,694.8,1.7,742.72,1.7, ,,,,,,,19278.80333,,,19406.59
5802,694.8,1.7,742.72,1.7, ,,,,,,,19278.80333,,,19406.59
5812,694.8,1.7,742.72,1.7, ,,,,,,,19278.80333,,,19406.59
5822,694.8,1.7,742.72,1.7, ,,,,,,,19278.80333,,,19406.59
5832,694.8,1.7,742.72,1.7, ,,,,,,,19278.80333,,,19406.59
5842,694.8,1.7,742.72,1.7, ,,,,,,,19278.80333,,,19406.59
5852,694.8,1.7,742.72,1.7, ,,,,,,,19278.80333,,,19406.59
5862,694.8,1.7,694.8,1.7, ,,,,,,,19278.80333,,,19358.67
5872,694.8,1.7,694.8,1.7, ,,,,,,,19278.80333,,,19358.67
5882,694.8,1.7,694.8,1.7, ,,,,,,,19278.80333,,,19358.67
5892,742.72,1.7,742.72,1.7, ,,,,,,,19326.72333,,,19406.59
5902,694.8,1.7,742.72,1.7, ,,,,,,,19278.80333,,,19406.59
5912,694.8,1.7,742.72,1.7, ,,,,,,,19278.80333,,,19406.59
5922,694.8,1.7,742.72,1.7, ,,,,,,,19278.80333,,,19406.59
5932,694.8,1.7,742.72,1.7, ,,,,,,,19278.80333,,,19406.59
5942,694.8,1.7,742.72,1.7, ,,,,,,,19278.80333,,,19406.59
5952,694.8,1.7,742.72,1.7, ,,,,,,,19278.80333,,,19406.59
5962,694.8,1.7,742.72,1.7, ,,,,,,,19278.80333,,,19406.59
5972,694.8,1.7,742.72,1.7, ,,,,,,,19278.80333,,,19406.59
5982,694.8,1.7,742.72,1.7, ,,,,,,,19278.80333,,,19406.59
5992,694.8,1.7,742.72,1.7, ,,,,,,,19278.80333,,,19406.59
6002,694.8,1.7,742.72,1.7, ,,,,,,,19278.80333,,,19406.59
6012,694.8,1.7,694.8,1.7, ,,,,,,,19278.80333,,,19358.67
6022,694.8,1.7,742.72,1.7, ,,,,,,,19278.80333,,,19406.59
6032,742.72,1.7,742.72,1.7, ,,,,,,,19326.72333,,,19406.59
6042,694.8,1.7,742.72,1.7, ,,,,,,,19278.80333,,,19406.59
6052,694.8,1.7,742.72,1.7, ,,,,,,,19278.80333,,,19406.59
6062,742.72,1.7,742.72,1.7, ,,,,,,,19326.72333,,,19406.59
6072,694.8,1.7,742.72,1.7, ,,,,,,,19278.80333,,,19406.59
6082,694.8,1.7,742.72,1.7, ,,,,,,,19278.80333,,,19406.59
6092,694.8,1.7,742.72,1.7, ,,,,,,,19278.80333,,,19406.59
6102,694.8,1.7,742.72,1.7, ,,,,,,,19278.80333,,,19406.59
6112,742.72,1.7,742.72,1.7, ,,,,,,,19326.72333,,,19406.59
6122,694.8,1.7,742.72,1.7, ,,,,,,,19278.80333,,,19406.59
6132,694.8,1.7,742.72,1.7, ,,,,,,,19278.80333,,,19406.59
6142,742.72,1.7,790.64,1.7, ,,,,,,,19326.72333,,,19454.51
6152,694.8,1.7,742.72,1.7, ,,,,,,,19278.80333,,,19406.59
6162,694.8,1.7,742.72,1.7, ,,,,,,,19278.80333,,,19406.59
6172,694.8,1.7,742.72,1.7, ,,,,,,,19278.80333,,,19406.59
6182,742.72,1.7,742.72,1.7, ,,,,,,,19326.72333,,,19406.59
6192,742.72,1.7,742.72,1.7, ,,,,,,,19326.72333,,,19406.59
6202,694.8,1.7,742.72,1.7, ,,,,,,,19278.80333,,,19406.59
6212,742.72,1.7,742.72,1.7, ,,,,,,,19326.72333,,,19406.59
6222,742.72,1.7,742.72,1.7, ,,,,,,,19326.72333,,,19406.59
6232,742.72,1.7,742.72,1.7, ,,,,,,,19326.72333,,,19406.59
6242,742.72,1.7,742.72,1.7, ,,,,,,,19326.72333,,,19406.59
6252,742.72,1.7,742.72,1.7, ,,,,,,,19326.72333,,,19406.59
6262,742.72,1.7,742.72,1.7, ,,,,,,,19326.72333,,,19406.59
6272,742.72,1.7,742.72,1.7, ,,,,,,,19326.72333,,,19406.59
6282,742.72,1.7,742.72,1.7, ,,,,,,,19326.72333,,,19406.59
6292,742.72,1.7,742.72,1.7, ,,,,,,,19326.72333,,,19406.59
6302,742.72,1.7,790.64,1.7, ,,,,,,,19326.72333,,,19454.51
6312,742.72,1.7,742.72,1.7, ,,,,,,,19326.72333,,,19406.59
6322,742.72,1.7,742.72,1.7, ,,,,,,,19326.72333,,,19406.59
6332,742.72,1.7,742.72,1.7, ,,,,,,,19326.72333,,,19406.59
6342,742.72,1.7,742.72,1.7, ,,,,,,,19326.72333,,,19406.59
6352,742.72,1.7,742.72,1.7, ,,,,,,,19326.72333,,,19406.59
6362,742.72,1.7,742.72,1.7, ,,,,,,,19326.72333,,,19406.59
6372,742.72,1.7,742.72,1.7, ,,,,,,,19326.72333,,,19406.59
6382,742.72,1.7,742.72,1.7, ,,,,,,,19326.72333,,,19406.59
6392,742.72,1.7,742.72,1.7, ,,,,,,,19326.72333,,,19406.59
6402,742.72,1.7,742.72,1.7, ,,,,,,,19326.72333,,,19406.59
6412,742.72,1.7,742.72,1.7, ,,,,,,,19326.72333,,,19406.59
6422,742.72,1.7,742.72,1.7, ,,,,,,,19326.72333,,,19406.59
6432,742.72,1.7,742.72,1.7, ,,,,,,,19326.72333,,,19406.59
6442,742.72,1.7,742.72,1.7, ,,,,,,,19326.72333,,,19406.59
6452,742.72,1.7,742.72,1.7, ,,,,,,,19326.72333,,,19406.59
6462,694.8,1.7,742.72,1.7, ,,,,,,,19278.80333,,,19406.59
6472,694.8,1.7,742.72,1.7, ,,,,,,,19278.80333,,,19406.59
6482,742.72,1.7,742.72,1.7, ,,,,,,,19326.72333,,,19406.59
6492,742.72,1.7,742.72,1.7, ,,,,,,,19326.72333,,,19406.59
6502,742.72,1.7,742.72,1.7, ,,,,,,,19326.72333,,,19406.59
6512,694.8,1.7,742.72,1.7, ,,,,,,,19278.80333,,,19406.59
6522,694.8,1.7,742.72,1.7, ,,,,,,,19278.80333,,,19406.59
6532,742.72,1.7,742.72,1.7, ,,,,,,,19326.72333,,,19406.59
6542,742.72,1.7,742.72,1.7, ,,,,,,,19326.72333,,,19406.59
6552,694.8,1.7,694.8,1.7, ,,,,,,,19278.80333,,,19358.67
6562,694.8,1.7,742.72,1.7, ,,,,,,,19278.80333,,,19406.59
6572,742.72,1.7,742.72,1.7, ,,,,,,,19326.72333,,,19406.59
6582,742.72,1.7,742.72,1.7, ,,,,,,,19326.72333,,,19406.59
6592,742.72,1.7,742.72,1.7, ,,,,,,,19326.72333,,,19406.59
6602,742.72,1.7,742.72,1.7, ,,,,,,,19326.72333,,,19406.59
6612,694.8,1.7,742.72,1.7, ,,,,,,,19278.80333,,,19406.59
6622,742.72,1.7,742.72,1.7, ,,,,,,,19326.72333,,,19406.59
6632,694.8,1.7,742.72,1.7, ,,,,,,,19278.80333,,,19406.59
6642,742.72,1.7,742.72,1.7, ,,,,,,,19326.72333,,,19406.59
6652,694.8,1.7,742.72,1.7, ,,,,,,,19278.80333,,,19406.59
6662,742.72,1.7,694.8,1.7, ,,,,,,,19326.72333,,,19358.67
6672,742.72,1.7,742.72,1.7, ,,,,,,,19326.72333,,,19406.59
6682,742.72,1.7,742.72,1.7, ,,,,,,,19326.72333,,,19406.59
6692,742.72,1.7,742.72,1.7, ,,,,,,,19326.72333,,,19406.59
6702,742.72,1.7,742.72,1.7, ,,,,,,,19326.72333,,,19406.59
6712,694.8,1.7,742.72,1.7, ,,,,,,,19278.80333,,,19406.59
6722,742.72,1.7,742.72,1.7, ,,,,,,,19326.72333,,,19406.59
6732,694.8,1.7,742.72,1.7, ,,,,,,,19278.80333,,,19406.59
6742,742.72,1.7,694.8,1.7, ,,,,,,,19326.72333,,,19358.67
6752,742.72,1.7,742.72,1.7, ,,,,,,,19326.72333,,,19406.59
6762,742.72,1.7,742.72,1.7, ,,,,,,,19326.72333,,,19406.59
6772,742.72,1.7,742.72,1.7, ,,,,,,,19326.72333,,,19406.59
6782,742.72,1.7,742.72,1.7, ,,,,,,,19326.72333,,,19406.59
6792,742.72,1.7,742.72,1.7, ,,,,,,,19326.72333,,,19406.59
6802,742.72,1.7,742.72,1.7, ,,,,,,,19326.72333,,,19406.59
6812,742.72,1.7,742.72,1.7, ,,,,,,,19326.72333,,,19406.59
6822,694.8,1.7,742.72,1.7, ,,,,,,,19278.80333,,,19406.59
6832,742.72,1.7,742.72,1.7, ,,,,,,,19326.72333,,,19406.59
6842,694.8,1.7,742.72,1.7, ,,,,,,,19278.80333,,,19406.59
6852,742.72,1.7,742.72,1.7, ,,,,,,,19326.72333,,,19406.59
6862,742.72,1.7,742.72,1.7, ,,,,,,,19326.72333,,,19406.59
6872,742.72,1.7,742.72,1.7, ,,,,,,,19326.72333,,,19406.59
6882,742.72,1.7,742.72,1.7, ,,,,,,,19326.72333,,,19406.59
6892,742.72,1.7,742.72,1.7, ,,,,,,,19326.72333,,,19406.59
6902,742.72,1.7,742.72,1.7, ,,,,,,,19326.72333,,,19406.59
6912,742.72,1.7,742.72,1.7, ,,,,,,,19326.72333,,,19406.59
6922,742.72,1.7,742.72,1.7, ,,,,,,,19326.72333,,,19406.59
6932,694.8,1.7,742.72,1.7, ,,,,,,,19278.80333,,,19406.59
6942,742.72,1.7,694.8,1.7, ,,,,,,,19326.72333,,,19358.67
6952,742.72,1.7,742.72,1.7, ,,,,,,,19326.72333,,,19406.59
6962,742.72,1.7,742.72,1.7, ,,,,,,,19326.72333,,,19406.59
6972,742.72,1.7,742.72,1.7, ,,,,,,,19326.72333,,,19406.59
6982,742.72,1.7,742.72,1.7, ,,,,,,,19326.72333,,,19406.59
6992,742.72,1.7,742.72,1.7, ,,,,,,,19326.72333,,,19406.59
7002,694.8,1.7,742.72,1.7, ,,,,,,,19278.80333,,,19406.59
7012,742.72,1.7,742.72,1.7, ,,,,,,,19326.72333,,,19406.59
7022,694.8,1.7,742.72,1.7, ,,,,,,,19278.80333,,,19406.59
7032,742.72,1.7,742.72,1.7, ,,,,,,,19326.72333,,,19406.59
7042,742.72,1.7,742.72,1.7, ,,,,,,,19326.72333,,,19406.59
7052,742.72,1.7,742.72,1.7, ,,,,,,,19326.72333,,,19406.59
7062,742.72,1.7,742.72,1.7, ,,,,,,,19326.72333,,,19406.59
7072,742.72,1.7,742.72,1.7, ,,,,,,,19326.72333,,,19406.59
7082,742.72,1.7,742.72,1.7, ,,,,,,,19326.72333,,,19406.59
7092,694.8,1.7,742.72,1.7, ,,,,,,,19278.80333,,,19406.59
7102,742.72,1.7,742.72,1.7, ,,,,,,,19326.72333,,,19406.59
7112,694.8,1.7,742.72,1.7, ,,,,,,,19278.80333,,,19406.59
7122,742.72,1.7,742.72,1.7, ,,,,,,,19326.72333,,,19406.59
7132,742.72,1.7,742.72,1.7, ,,,,,,,19326.72333,,,19406.59
7142,694.8,1.7,742.72,1.7, ,,,,,,,19278.80333,,,19406.59
7152,742.72,1.7,742.72,1.7, ,,,,,,,19326.72333,,,19406.59
7162,742.72,1.7,742.72,1.7, ,,,,,,,19326.72333,,,19406.59
7172,742.72,1.7,742.72,1.7, ,,,,,,,19326.72333,,,19406.59
7182,742.72,1.7,742.72,1.7, ,,,,,,,19326.72333,,,19406.59
7192,694.8,1.7,742.72,1.7, ,,,,,,,19278.80333,,,19406.59
7202,742.72,1.7,742.72,1.7, ,,,,,,,19326.72333,,,19406.59
7212,694.8,1.7,742.72,1.7, ,,,,,,,19278.80333,,,19406.59
7222,742.72,1.7,742.72,1.7, ,,,,,,,19326.72333,,,19406.59
7232,694.8,1.7,742.72,1.7, ,,,,,,,19278.80333,,,19406.59
7242,742.72,1.7,742.72,1.7, ,,,,,,,19326.72333,,,19406.59
7252,694.8,1.7,742.72,1.7, ,,,,,,,19278.80333,,,19406.59
7262,742.72,1.7,742.72,1.7, ,,,,,,,19326.72333,,,19406.59
7272,694.8,1.7,742.72,1.7, ,,,,,,,19278.80333,,,19406.59
7282,742.72,1.7,742.72,1.7, ,,,,,,,19326.72333,,,19406.59
7292,694.8,1.7,742.72,1.7, ,,,,,,,19278.80333,,,19406.59
7302,742.72,1.7,742.72,1.7, ,,,,,,,19326.72333,,,19406.59
7312,742.72,1.7,742.72,1.7, ,,,,,,,19326.72333,,,19406.59
7322,742.72,1.7,742.72,1.7, ,,,,,,,19326.72333,,,19406.59
7332,694.8,1.7,742.72,1.7, ,,,,,,,19278.80333,,,19406.59
7342,694.8,1.7,742.72,1.7, ,,,,,,,19278.80333,,,19406.59
7352,742.72,1.7,742.72,1.7, ,,,,,,,19326.72333,,,19406.59
7362,742.72,1.7,742.72,1.7, ,,,,,,,19326.72333,,,19406.59
7372,742.72,1.7,742.72,1.7, ,,,,,,,19326.72333,,,19406.59
7382,742.72,1.7,742.72,1.7, ,,,,,,,19326.72333,,,19406.59
7392,742.72,1.7,742.72,1.7, ,,,,,,,19326.72333,,,19406.59
7402,694.8,1.7,790.64,1.7, ,,,,,,,19278.80333,,,19454.51
7412,742.72,1.7,742.72,1.7, ,,,,,,,19326.72333,,,19406.59
7422,742.72,1.7,742.72,1.7, ,,,,,,,19326.72333,,,19406.59
7432,694.8,1.7,742.72,1.7, ,,,,,,,19278.80333,,,19406.59
7442,742.72,1.7,742.72,1.7, ,,,,,,,19326.72333,,,19406.59
7452,742.72,1.7,742.72,1.7, ,,,,,,,19326.72333,,,19406.59
7462,694.8,1.7,742.72,1.7, ,,,,,,,19278.80333,,,19406.59
7472,742.72,1.7,742.72,1.7, ,,,,,,,19326.72333,,,19406.59
7482,742.72,1.7,742.72,1.7, ,,,,,,,19326.72333,,,19406.59
7492,742.72,1.7,742.72,1.7, ,,,,,,,19326.72333,,,19406.59
7502,742.72,1.7,742.72,1.7, ,,,,,,,19326.72333,,,19406.59
7512,742.72,1.7,838.56,1.71, ,,,,,,,19326.72333,,,19502.43
7522,742.72,1.7,742.72,1.7, ,,,,,,,19326.72333,,,19406.59
7532,742.72,1.7,742.72,1.7, ,,,,,,,19326.72333,,,19406.59
7542,742.72,1.7,742.72,1.7, ,,,,,,,19326.72333,,,19406.59
7552,694.8,1.7,742.72,1.7, ,,,,,,,19278.80333,,,19406.59
7562,742.72,1.7,742.72,1.7, ,,,,,,,19326.72333,,,19406.59
7572,742.72,1.7,742.72,1.7, ,,,,,,,19326.72333,,,19406.59
7582,742.72,1.7,790.64,1.7, ,,,,,,,19326.72333,,,19454.51
7592,742.72,1.7,742.72,1.7, ,,,,,,,19326.72333,,,19406.59
7602,742.72,1.7,742.72,1.7, ,,,,,,,19326.72333,,,19406.59
7612,742.72,1.7,790.64,1.7, ,,,,,,,19326.72333,,,19454.51
7622,742.72,1.7,742.72,1.7, ,,,,,,,19326.72333,,,19406.59
7632,742.72,1.7,742.72,1.7, ,,,,,,,19326.72333,,,19406.59
7642,742.72,1.7,742.72,1.7, ,,,,,,,19326.72333,,,19406.59
7652,694.8,1.7,742.72,1.7, ,,,,,,,19278.80333,,,19406.59
7662,742.72,1.7,742.72,1.7, ,,,,,,,19326.72333,,,19406.59
7672,742.72,1.7,742.72,1.7, ,,,,,,,19326.72333,,,19406.59
7682,742.72,1.7,742.72,1.7, ,,,,,,,19326.72333,,,19406.59
7692,694.8,1.7,742.72,1.7, ,,,,,,,19278.80333,,,19406.59
7702,742.72,1.7,742.72,1.7, ,,,,,,,19326.72333,,,19406.59
7712,694.8,1.7,742.72,1.7, ,,,,,,,19278.80333,,,19406.59
7722,742.72,1.7,790.64,1.7, ,,,,,,,19326.72333,,,19454.51
7732,694.8,1.7,742.72,1.7, ,,,,,,,19278.80333,,,19406.59
7742,742.72,1.7,742.72,1.7, ,,,,,,,19326.72333,,,19406.59
7752,694.8,1.7,742.72,1.7, ,,,,,,,19278.80333,,,19406.59
7762,694.8,1.7,742.72,1.7, ,,,,,,,19278.80333,,,19406.59
7772,742.72,1.7,742.72,1.7, ,,,,,,,19326.72333,,,19406.59
7782,694.8,1.7,742.72,1.7, ,,,,,,,19278.80333,,,19406.59
7792,742.72,1.7,742.72,1.7, ,,,,,,,19326.72333,,,19406.59
7802,742.72,1.7,742.72,1.7, ,,,,,,,19326.72333,,,19406.59
7812,742.72,1.7,742.72,1.7, ,,,,,,,19326.72333,,,19406.59
7822,694.8,1.7,742.72,1.7, ,,,,,,,19278.80333,,,19406.59
7832,694.8,1.7,742.72,1.7, ,,,,,,,19278.80333,,,19406.59
7842,694.8,1.7,742.72,1.7, ,,,,,,,19278.80333,,,19406.59
7852,694.8,1.7,742.72,1.7, ,,,,,,,19278.80333,,,19406.59
7862,742.72,1.7,742.72,1.7, ,,,,,,,19326.72333,,,19406.59
7872,742.72,1.7,742.72,1.7, ,,,,,,,19326.72333,,,19406.59
7882,742.72,1.7,742.72,1.7, ,,,,,,,19326.72333,,,19406.59
7892,742.72,1.7,742.72,1.7, ,,,,,,,19326.72333,,,19406.59
7902,694.8,1.7,742.72,1.7, ,,,,,,,19278.80333,,,19406.59
7912,742.72,1.7,742.72,1.7, ,,,,,,,19326.72333,,,19406.59
7922,742.72,1.7,742.72,1.7, ,,,,,,,19326.72333,,,19406.59
7932,742.72,1.7,742.72,1.7, ,,,,,,,19326.72333,,,19406.59
7942,694.8,1.7,742.72,1.7, ,,,,,,,19278.80333,,,19406.59
7952,694.8,1.7,742.72,1.7, ,,,,,,,19278.80333,,,19406.59
7962,742.72,1.7,742.72,1.7, ,,,,,,,19326.72333,,,19406.59
7972,742.72,1.7,742.72,1.7, ,,,,,,,19326.72333,,,19406.59
7982,694.8,1.7,742.72,1.7, ,,,,,,,19278.80333,,,19406.59
7992,694.8,1.7,742.72,1.7, ,,,,,,,19278.80333,,,19406.59
8002,694.8,1.7,742.72,1.7, ,,,,,,,19278.80333,,,19406.59
8012,694.8,1.7,694.8,1.7, ,,,,,,,19278.80333,,,19358.67
8022,694.8,1.7,742.72,1.7, ,,,,,,,19278.80333,,,19406.59
8032,742.72,1.7,742.72,1.7, ,,,,,,,19326.72333,,,19406.59
8042,694.8,1.7,742.72,1.7, ,,,,,,,19278.80333,,,19406.59
8052,742.72,1.7,742.72,1.7, ,,,,,,,19326.72333,,,19406.59
8062,694.8,1.7,742.72,1.7, ,,,,,,,19278.80333,,,19406.59
8072,694.8,1.7,742.72,1.7, ,,,,,,,19278.80333,,,19406.59
8082,742.72,1.7,742.72,1.7, ,,,,,,,19326.72333,,,19406.59
8092,694.8,1.7,742.72,1.7, ,,,,,,,19278.80333,,,19406.59
8102,742.72,1.7,742.72,1.7, ,,,,,,,19326.72333,,,19406.59
8112,694.8,1.7,742.72,1.7, ,,,,,,,19278.80333,,,19406.59
8122,694.8,1.7,742.72,1.7, ,,,,,,,19278.80333,,,19406.59
8132,742.72,1.7,742.72,1.7, ,,,,,,,19326.72333,,,19406.59
8142,694.8,1.7,742.72,1.7, ,,,,,,,19278.80333,,,19406.59
8152,742.72,1.7,742.72,1.7, ,,,,,,,19326.72333,,,19406.59
8162,694.8,1.7,742.72,1.7, ,,,,,,,19278.80333,,,19406.59
8172,694.8,1.7,742.72,1.7, ,,,,,,,19278.80333,,,19406.59
8182,694.8,1.7,742.72,1.7, ,,,,,,,19278.80333,,,19406.59
8192,694.8,1.7,742.72,1.7, ,,,,,,,19278.80333,,,19406.59
8202,694.8,1.7,742.72,1.7, ,,,,,,,19278.80333,,,19406.59
8212,694.8,1.7,742.72,1.7, ,,,,,,,19278.80333,,,19406.59
8222,742.72,1.7,694.8,1.7, ,,,,,,,19326.72333,,,19358.67
8232,694.8,1.7,742.72,1.7, ,,,,,,,19278.80333,,,19406.59
8242,694.8,1.7,742.72,1.7, ,,,,,,,19278.80333,,,19406.59
8252,694.8,1.7,742.72,1.7, ,,,,,,,19278.80333,,,19406.59
8262,694.8,1.7,742.72,1.7, ,,,,,,,19278.80333,,,19406.59
8272,742.72,1.7,742.72,1.7, ,,,,,,,19326.72333,,,19406.59
8282,694.8,1.7,742.72,1.7, ,,,,,,,19278.80333,,,19406.59
8292,742.72,1.7,742.72,1.7, ,,,,,,,19326.72333,,,19406.59
8302,694.8,1.7,742.72,1.7, ,,,,,,,19278.80333,,,19406.59
8312,694.8,1.7,694.8,1.7, ,,,,,,,19278.80333,,,19358.67
8322,694.8,1.7,742.72,1.7, ,,,,,,,19278.80333,,,19406.59
8332,694.8,1.7,742.72,1.7, ,,,,,,,19278.80333,,,19406.59
8342,694.8,1.7,742.72,1.7, ,,,,,,,19278.80333,,,19406.59
8352,694.8,1.7,742.72,1.7, ,,,,,,,19278.80333,,,19406.59
8362,694.8,1.7,694.8,1.7, ,,,,,,,19278.80333,,,19358.67
8372,694.8,1.7,742.72,1.7, ,,,,,,,19278.80333,,,19406.59
8382,694.8,1.7,742.72,1.7, ,,,,,,,19278.80333,,,19406.59
8392,694.8,1.7,742.72,1.7, ,,,,,,,19278.80333,,,19406.59
8402,694.8,1.7,742.72,1.7, ,,,,,,,19278.80333,,,19406.59
8412,694.8,1.7,742.72,1.7, ,,,,,,,19278.80333,,,19406.59
8422,694.8,1.7,742.72,1.7, ,,,,,,,19278.80333,,,19406.59
8432,694.8,1.7,694.8,1.7, ,,,,,,,19278.80333,,,19358.67
8442,694.8,1.7,742.72,1.7, ,,,,,,,19278.80333,,,19406.59
8452,694.8,1.7,742.72,1.7, ,,,,,,,19278.80333,,,19406.59
8462,694.8,1.7,742.72,1.7, ,,,,,,,19278.80333,,,19406.59
8472,694.8,1.7,742.72,1.7, ,,,,,,,19278.80333,,,19406.59
8482,694.8,1.7,742.72,1.7, ,,,,,,,19278.80333,,,19406.59
8492,694.8,1.7,742.72,1.7, ,,,,,,,19278.80333,,,19406.59
8502,694.8,1.7,742.72,1.7, ,,,,,,,19278.80333,,,19406.59
8512,694.8,1.7,742.72,1.7, ,,,,,,,19278.80333,,,19406.59
8522,694.8,1.7,742.72,1.7, ,,,,,,,19278.80333,,,19406.59
8532,694.8,1.7,742.72,1.7, ,,,,,,,19278.80333,,,19406.59
8542,694.8,1.7,694.8,1.7, ,,,,,,,19278.80333,,,19358.67
8552,742.72,1.7,694.8,1.7, ,,,,,,,19326.72333,,,19358.67
8562,694.8,1.7,742.72,1.7, ,,,,,,,19278.80333,,,19406.59
8572,694.8,1.7,742.72,1.7, ,,,,,,,19278.80333,,,19406.59
8582,694.8,1.7,742.72,1.7, ,,,,,,,19278.80333,,,19406.59
8592,694.8,1.7,742.72,1.7, ,,,,,,,19278.80333,,,19406.59
8602,742.72,1.7,742.72,1.7, ,,,,,,,19326.72333,,,19406.59
8612,694.8,1.7,742.72,1.7, ,,,,,,,19278.80333,,,19406.59
8622,694.8,1.7,742.72,1.7, ,,,,,,,19278.80333,,,19406.59
8632,694.8,1.7,694.8,1.7, ,,,,,,,19278.80333,,,19358.67
8642,694.8,1.7,742.72,1.7, ,,,,,,,19278.80333,,,19406.59
8652,694.8,1.7,742.72,1.7, ,,,,,,,19278.80333,,,19406.59
8662,694.8,1.7,742.72,1.7, ,,,,,,,19278.80333,,,19406.59
8672,694.8,1.7,742.72,1.7, ,,,,,,,19278.80333,,,19406.59
8682,694.8,1.7,742.72,1.7, ,,,,,,,19278.80333,,,19406.59
8692,694.8,1.7,742.72,1.7, ,,,,,,,19278.80333,,,19406.59
8702,694.8,1.7,694.8,1.7, ,,,,,,,19278.80333,,,19358.67
8712,694.8,1.7,742.72,1.7, ,,,,,,,19278.80333,,,19406.59
8722,694.8,1.7,742.72,1.7, ,,,,,,,19278.80333,,,19406.59
8732,694.8,1.7,694.8,1.7, ,,,,,,,19278.80333,,,19358.67
8742,694.8,1.7,742.72,1.7, ,,,,,,,19278.80333,,,19406.59
8752,694.8,1.7,742.72,1.7, ,,,,,,,19278.80333,,,19406.59
8762,694.8,1.7,694.8,1.7, ,,,,,,,19278.80333,,,19358.67
8772,694.8,1.7,742.72,1.7, ,,,,,,,19278.80333,,,19406.59
8782,694.8,1.7,742.72,1.7, ,,,,,,,19278.80333,,,19406.59
8792,694.8,1.7,742.72,1.7, ,,,,,,,19278.80333,,,19406.59
8802,694.8,1.7,742.72,1.7, ,,,,,,,19278.80333,,,19406.59
8812,694.8,1.7,742.72,1.7, ,,,,,,,19278.80333,,,19406.59
8822,694.8,1.7,742.72,1.7, ,,,,,,,19278.80333,,,19406.59
8832,694.8,1.7,742.72,1.7, ,,,,,,,19278.80333,,,19406.59
8842,694.8,1.7,694.8,1.7, ,,,,,,,19278.80333,,,19358.67
8852,694.8,1.7,694.8,1.7, ,,,,,,,19278.80333,,,19358.67
8862,742.72,1.7,742.72,1.7, ,,,,,,,19326.72333,,,19406.59
8872,694.8,1.7,742.72,1.7, ,,,,,,,19278.80333,,,19406.59
8882,694.8,1.7,742.72,1.7, ,,,,,,,19278.80333,,,19406.59
8892,694.8,1.7,694.8,1.7, ,,,,,,,19278.80333,,,19358.67
8902,694.8,1.7,742.72,1.7, ,,,,,,,19278.80333,,,19406.59
8912,694.8,1.7,742.72,1.7, ,,,,,,,19278.80333,,,19406.59
8922,694.8,1.7,694.8,1.7, ,,,,,,,19278.80333,,,19358.67
8932,694.8,1.7,694.8,1.7, ,,,,,,,19278.80333,,,19358.67
8942,694.8,1.7,742.72,1.7, ,,,,,,,19278.80333,,,19406.59
8952,694.8,1.7,742.72,1.7, ,,,,,,,19278.80333,,,19406.59
8962,694.8,1.7,742.72,1.7, ,,,,,,,19278.80333,,,19406.59
8972,694.8,1.7,742.72,1.7, ,,,,,,,19278.80333,,,19406.59
8982,694.8,1.7,742.72,1.7, ,,,,,,,19278.80333,,,19406.59
8992,694.8,1.7,694.8,1.7, ,,,,,,,19278.80333,,,19358.67
9002,742.72,1.7,742.72,1.7, ,,,,,,,19326.72333,,,19406.59
9012,694.8,1.7,742.72,1.7, ,,,,,,,19278.80333,,,19406.59
9022,694.8,1.7,694.8,1.7, ,,,,,,,19278.80333,,,19358.67
9032,694.8,1.7,742.72,1.7, ,,,,,,,19278.80333,,,19406.59
9042,694.8,1.7,742.72,1.7, ,,,,,,,19278.80333,,,19406.59
9052,694.8,1.7,742.72,1.7, ,,,,,,,19278.80333,,,19406.59
9062,694.8,1.7,742.72,1.7, ,,,,,,,19278.80333,,,19406.59
9072,694.8,1.7,694.8,1.7, ,,,,,,,19278.80333,,,19358.67
9082,694.8,1.7,694.8,1.7, ,,,,,,,19278.80333,,,19358.67
9092,694.8,1.7,694.8,1.7, ,,,,,,,19278.80333,,,19358.67
9102,694.8,1.7,742.72,1.7, ,,,,,,,19278.80333,,,19406.59
9112,694.8,1.7,742.72,1.7, ,,,,,,,19278.80333,,,19406.59
9122,694.8,1.7,742.72,1.7, ,,,,,,,19278.80333,,,19406.59
9132,694.8,1.7,694.8,1.7, ,,,,,,,19278.80333,,,19358.67
9142,694.8,1.7,694.8,1.7, ,,,,,,,19278.80333,,,19358.67
9152,694.8,1.7,694.8,1.7, ,,,,,,,19278.80333,,,19358.67
9162,694.8,1.7,694.8,1.7, ,,,,,,,19278.80333,,,19358.67
9172,694.8,1.7,742.72,1.7, ,,,,,,,19278.80333,,,19406.59
9182,694.8,1.7,694.8,1.7, ,,,,,,,19278.80333,,,19358.67
9192,694.8,1.7,694.8,1.7, ,,,,,,,19278.80333,,,19358.67
9202,694.8,1.7,790.64,1.7, ,,,,,,,19278.80333,,,19454.51
9212,646.89,1.69,694.8,1.7, ,,,,,,,19230.89333,,,19358.67
9222,694.8,1.7,742.72,1.7, ,,,,,,,19278.80333,,,19406.59
9232,694.8,1.7,694.8,1.7, ,,,,,,,19278.80333,,,19358.67
9242,694.8,1.7,694.8,1.7, ,,,,,,,19278.80333,,,19358.67
9252,694.8,1.7,694.8,1.7, ,,,,,,,19278.80333,,,19358.67
9262,694.8,1.7,694.8,1.7, ,,,,,,,19278.80333,,,19358.67
9272,694.8,1.7,694.8,1.7, ,,,,,,,19278.80333,,,19358.67
9282,694.8,1.7,742.72,1.7, ,,,,,,,19278.80333,,,19406.59
9292,694.8,1.7,694.8,1.7, ,,,,,,,19278.80333,,,19358.67
9302,694.8,1.7,742.72,1.7, ,,,,,,,19278.80333,,,19406.59
9312,694.8,1.7,742.72,1.7, ,,,,,,,19278.80333,,,19406.59
9322,694.8,1.7,694.8,1.7, ,,,,,,,19278.80333,,,19358.67
9332,694.8,1.7,742.72,1.7, ,,,,,,,19278.80333,,,19406.59
9342,694.8,1.7,694.8,1.7, ,,,,,,,19278.80333,,,19358.67
9352,694.8,1.7,694.8,1.7, ,,,,,,,19278.80333,,,19358.67
9362,694.8,1.7,742.72,1.7, ,,,,,,,19278.80333,,,19406.59
9372,694.8,1.7,694.8,1.7, ,,,,,,,19278.80333,,,19358.67
9382,646.89,1.69,694.8,1.7, ,,,,,,,19230.89333,,,19358.67
9392,694.8,1.7,694.8,1.7, ,,,,,,,19278.80333,,,19358.67
9402,694.8,1.7,742.72,1.7, ,,,,,,,19278.80333,,,19406.59
9412,694.8,1.7,694.8,1.7, ,,,,,,,19278.80333,,,19358.67
9422,694.8,1.7,694.8,1.7, ,,,,,,,19278.80333,,,19358.67
9432,694.8,1.7,742.72,1.7, ,,,,,,,19278.80333,,,19406.59
9442,694.8,1.7,694.8,1.7, ,,,,,,,19278.80333,,,19358.67
9452,694.8,1.7,694.8,1.7, ,,,,,,,19278.80333,,,19358.67
9462,694.8,1.7,790.64,1.7, ,,,,,,,19278.80333,,,19454.51
9472,694.8,1.7,694.8,1.7, ,,,,,,,19278.80333,,,19358.67
9482,694.8,1.7,742.72,1.7, ,,,,,,,19278.80333,,,19406.59
9492,694.8,1.7,694.8,1.7, ,,,,,,,19278.80333,,,19358.67
9502,694.8,1.7,694.8,1.7, ,,,,,,,19278.80333,,,19358.67
9512,694.8,1.7,742.72,1.7, ,,,,,,,19278.80333,,,19406.59
9522,694.8,1.7,694.8,1.7, ,,,,,,,19278.80333,,,19358.67
9532,694.8,1.7,742.72,1.7, ,,,,,,,19278.80333,,,19406.59
9542,694.8,1.7,742.72,1.7, ,,,,,,,19278.80333,,,19406.59
9552,694.8,1.7,742.72,1.7, ,,,,,,,19278.80333,,,19406.59
9562,694.8,1.7,742.72,1.7, ,,,,,,,19278.80333,,,19406.59
9572,694.8,1.7,694.8,1.7, ,,,,,,,19278.80333,,,19358.67
9582,694.8,1.7,694.8,1.7, ,,,,,,,19278.80333,,,19358.67
9592,694.8,1.7,742.72,1.7, ,,,,,,,19278.80333,,,19406.59
9602,694.8,1.7,694.8,1.7, ,,,,,,,19278.80333,,,19358.67
9612,694.8,1.7,742.72,1.7, ,,,,,,,19278.80333,,,19406.59
9622,694.8,1.7,694.8,1.7, ,,,,,,,19278.80333,,,19358.67
9632,694.8,1.7,694.8,1.7, ,,,,,,,19278.80333,,,19358.67
9642,694.8,1.7,694.8,1.7, ,,,,,,,19278.80333,,,19358.67
9652,694.8,1.7,694.8,1.7, ,,,,,,,19278.80333,,,19358.67
9662,694.8,1.7,694.8,1.7, ,,,,,,,19278.80333,,,19358.67
9672,694.8,1.7,694.8,1.7, ,,,,,,,19278.80333,,,19358.67
9682,694.8,1.7,694.8,1.7, ,,,,,,,19278.80333,,,19358.67
9692,694.8,1.7,694.8,1.7, ,,,,,,,19278.80333,,,19358.67
9702,694.8,1.7,694.8,1.7, ,,,,,,,19278.80333,,,19358.67
9712,694.8,1.7,694.8,1.7, ,,,,,,,19278.80333,,,19358.67
9722,694.8,1.7,694.8,1.7, ,,,,,,,19278.80333,,,19358.67
9732,694.8,1.7,742.72,1.7, ,,,,,,,19278.80333,,,19406.59
9742,694.8,1.7,694.8,1.7, ,,,,,,,19278.80333,,,19358.67
9752,694.8,1.7,742.72,1.7, ,,,,,,,19278.80333,,,19406.59
9762,694.8,1.7,694.8,1.7, ,,,,,,,19278.80333,,,19358.67
9772,646.89,1.69,694.8,1.7, ,,,,,,,19230.89333,,,19358.67
9782,694.8,1.7,694.8,1.7, ,,,,,,,19278.80333,,,19358.67
9792,694.8,1.7,742.72,1.7, ,,,,,,,19278.80333,,,19406.59
9802,694.8,1.7,694.8,1.7, ,,,,,,,19278.80333,,,19358.67
9812,694.8,1.7,694.8,1.7, ,,,,,,,19278.80333,,,19358.67
9822,694.8,1.7,742.72,1.7, ,,,,,,,19278.80333,,,19406.59
9832,694.8,1.7,694.8,1.7, ,,,,,,,19278.80333,,,19358.67
9842,694.8,1.7,742.72,1.7, ,,,,,,,19278.80333,,,19406.59
9852,694.8,1.7,742.72,1.7, ,,,,,,,19278.80333,,,19406.59
9862,694.8,1.7,742.72,1.7, ,,,,,,,19278.80333,,,19406.59
9872,694.8,1.7,694.8,1.7, ,,,,,,,19278.80333,,,19358.67
9882,694.8,1.7,694.8,1.7, ,,,,,,,19278.80333,,,19358.67
9892,694.8,1.7,694.8,1.7, ,,,,,,,19278.80333,,,19358.67
9902,694.8,1.7,694.8,1.7, ,,,,,,,19278.80333,,,19358.67
9912,694.8,1.7,742.72,1.7, ,,,,,,,19278.80333,,,19406.59
9922,694.8,1.7,694.8,1.7, ,,,,,,,19278.80333,,,19358.67
9932,694.8,1.7,742.72,1.7, ,,,,,,,19278.80333,,,19406.59
9942,694.8,1.7,694.8,1.7, ,,,,,,,19278.80333,,,19358.67
9952,694.8,1.7,694.8,1.7, ,,,,,,,19278.80333,,,19358.67
9962,694.8,1.7,694.8,1.7, ,,,,,,,19278.80333,,,19358.67
9972,694.8,1.7,694.8,1.7, ,,,,,,,19278.80333,,,19358.67
9982,694.8,1.7,694.8,1.7, ,,,,,,,19278.80333,,,19358.67
9992,694.8,1.7,742.72,1.7, ,,,,,,,19278.80333,,,19406.59
10002,694.8,1.7,694.8,1.7, ,,,,,,,19278.80333,,,19358.67
10012,646.89,1.69,694.8,1.7, ,,,,,,,19230.89333,,,19358.67
10022,646.89,1.69,694.8,1.7, ,,,,,,,19230.89333,,,19358.67
10032,694.8,1.7,694.8,1.7, ,,,,,,,19278.80333,,,19358.67
10042,694.8,1.7,694.8,1.7, ,,,,,,,19278.80333,,,19358.67
10052,694.8,1.7,742.72,1.7, ,,,,,,,19278.80333,,,19406.59
10062,694.8,1.7,694.8,1.7, ,,,,,,,19278.80333,,,19358.67
10072,694.8,1.7,694.8,1.7, ,,,,,,,19278.80333,,,19358.67
10082,694.8,1.7,742.72,1.7, ,,,,,,,19278.80333,,,19406.59
