0,-24509.8,0,-24509.8,0, ,,,,,,B w/ offset values,-5893.85,,D w/ offset values,-5798.016667
2,-15788.82,0.59,-15884.65,0.58, ,,AV offset B,-18615.95,18615.95,,Bubble A,2827.13,,Bubble D,2827.133333
5,-15549.23,0.6,-15740.9,0.59, ,,AV offset D,-18711.78333,18711.78333,,,3066.72,,,2970.883333
8,-15405.48,0.61,-15597.15,0.6, ,,,,,,,3210.47,,,3114.633333
10,-15165.89,0.63,-15405.48,0.61, ,,,A,D,,,3450.06,,,3306.303333
13,-14974.22,0.64,-15309.64,0.62, ,,AV after 80,19281.6703,19226.4667,,,3641.73,,,3402.143333
16,-14782.55,0.65,-15165.89,0.63, ,,Std after 80,926.8251821,893.6930144,,,3833.4,,,3545.893333
19,-14638.8,0.66,-15070.06,0.64, ,,Max,19502.42,19550.34333,,,3977.15,,,3641.723333
22,-14542.96,0.67,-14974.22,0.64, ,,,,,,,4072.99,,,3737.563333
25,-14399.21,0.68,-14878.39,0.65, ,,,,,,,4216.74,,,3833.393333
28,-14351.29,0.68,-14830.47,0.65, ,,,,,,,4264.66,,,3881.313333
30,-14303.38,0.69,-14782.55,0.65, ,,,,,,,4312.57,,,3929.233333
33,-14207.54,0.69,-14734.63,0.66, ,,,,,,,4408.41,,,3977.153333
36,-14207.54,0.69,-14686.71,0.66, ,,,,,,,4408.41,,,4025.073333
39,-14159.62,0.7,-14686.71,0.66, ,,,,,,,4456.33,,,4025.073333
42,-14159.62,0.7,-14686.71,0.66, ,,,,,,,4456.33,,,4025.073333
45,-14159.62,0.7,-14686.71,0.66, ,,,,,,,4456.33,,,4025.073333
48,-14159.62,0.7,-14495.04,0.67, ,,,,,,,4456.33,,,4216.743333
51,-14015.87,0.71,-14255.46,0.69, ,,,,,,,4600.08,,,4456.323333
53,-13632.53,0.73,-13872.12,0.72, ,,,,,,,4983.42,,,4839.663333
56,-13297.11,0.75,-13488.78,0.74, ,,,,,,,5318.84,,,5223.003333
59,-12913.77,0.78,-13105.44,0.77, ,,,,,,,5702.18,,,5606.343333
62,-12578.34,0.8,-12722.1,0.79, ,,,,,,,6037.61,,,5989.683333
65,-12290.84,0.82,-12386.67,0.82, ,,,,,,,6325.11,,,6325.113333
67,-12051.25,0.84,-12147.09,0.83, ,,,,,,,6564.7,,,6564.693333
70,-11715.83,0.86,-11859.58,0.85, ,,,,,,,6900.12,,,6852.203333
73,-11380.41,0.88,-11524.16,0.87, ,,,,,,,7235.54,,,7187.623333
76,-11092.9,0.9,-11188.74,0.9, ,,,,,,,7523.05,,,7523.043333
79,-10805.4,0.92,-10901.23,0.92, ,,,,,,,7810.55,,,7810.553333
82,-10517.89,0.94,-10613.73,0.94, ,,,,,,,8098.06,,,8098.053333
92,-9607.46,1,-9655.38,1, ,,,,,,,9008.49,,,9056.403333
102,-8792.86,1.06,-8792.86,1.06, ,,,,,,,9823.09,,,9918.923333
112,-8074.1,1.11,-8026.18,1.11, ,,,,,,,10541.85,,,10685.60333
122,-7355.34,1.15,-7307.42,1.16, ,,,,,,,11260.61,,,11404.36333
132,-6732.41,1.2,-6636.57,1.2, ,,,,,,,11883.54,,,12075.21333
142,-6157.4,1.24,-5965.73,1.25, ,,,,,,,12458.55,,,12746.05333
152,-5678.22,1.27,-5582.39,1.27, ,,,,,,,12937.73,,,13129.39333
162,-5199.05,1.3,-5055.3,1.31, ,,,,,,,13416.9,,,13656.48333
172,-4719.87,1.33,-4624.04,1.34, ,,,,,,,13896.08,,,14087.74333
182,-4336.53,1.36,-4144.86,1.37, ,,,,,,,14279.42,,,14566.92333
192,-3905.28,1.39,-3809.44,1.39, ,,,,,,,14710.67,,,14902.34333
202,-3569.85,1.41,-3426.1,1.42, ,,,,,,,15046.1,,,15285.68333
212,-3282.35,1.43,-3138.6,1.44, ,,,,,,,15333.6,,,15573.18333
222,-2946.93,1.45,-2851.09,1.46, ,,,,,,,15669.02,,,15860.69333
232,-2707.34,1.47,-2515.67,1.48, ,,,,,,,15908.61,,,16196.11333
242,-2419.83,1.49,-2324,1.49, ,,,,,,,16196.12,,,16387.78333
252,-2228.16,1.5,-2084.41,1.51, ,,,,,,,16387.79,,,16627.37333
262,-1988.58,1.52,-1892.74,1.52, ,,,,,,,16627.37,,,16819.04333
272,-1796.91,1.53,-1701.07,1.54, ,,,,,,,16819.04,,,17010.71333
282,-1605.24,1.54,-1509.4,1.55, ,,,,,,,17010.71,,,17202.38333
292,-1413.57,1.55,-1365.65,1.56, ,,,,,,,17202.38,,,17346.13333
302,-1269.81,1.56,-1221.9,1.57, ,,,,,,,17346.14,,,17489.88333
312,-1126.06,1.57,-1030.23,1.58, ,,,,,,,17489.89,,,17681.55333
322,-982.31,1.58,-934.39,1.59, ,,,,,,,17633.64,,,17777.39333
332,-886.47,1.59,-838.56,1.59, ,,,,,,,17729.48,,,17873.22333
342,-742.72,1.6,-694.8,1.6, ,,,,,,,17873.23,,,18016.98333
352,-646.89,1.61,-598.97,1.61, ,,,,,,,17969.06,,,18112.81333
362,-551.05,1.61,-551.05,1.61, ,,,,,,,18064.9,,,18160.73333
372,-407.3,1.62,-455.22,1.62, ,,,,,,,18208.65,,,18256.56333
382,-359.38,1.63,-407.3,1.62, ,,,,,,,18256.57,,,18304.48333
392,-311.46,1.63,-311.46,1.63, ,,,,,,,18304.49,,,18400.32333
402,-215.63,1.64,-263.55,1.63, ,,,,,,,18400.32,,,18448.23333
412,-167.71,1.64,-167.71,1.64, ,,,,,,,18448.24,,,18544.07333
422,-119.79,1.64,-119.79,1.64, ,,,,,,,18496.16,,,18591.99333
432,-71.88,1.65,-71.88,1.65, ,,,,,,,18544.07,,,18639.90333
442,23.96,1.65,-23.96,1.65, ,,,,,,,18639.91,,,18687.82333
452,71.88,1.65,23.96,1.65, ,,,,,,,18687.83,,,18735.74333
462,119.79,1.66,23.96,1.65, ,,,,,,,18735.74,,,18735.74333
472,167.71,1.66,71.88,1.65, ,,,,,,,18783.66,,,18783.66333
482,167.71,1.66,119.79,1.66, ,,,,,,,18783.66,,,18831.57333
492,215.63,1.66,119.79,1.66, ,,,,,,,18831.58,,,18831.57333
502,263.55,1.67,167.71,1.66, ,,,,,,,18879.5,,,18879.49333
512,311.46,1.67,215.63,1.66, ,,,,,,,18927.41,,,18927.41333
522,311.46,1.67,215.63,1.66, ,,,,,,,18927.41,,,18927.41333
532,359.38,1.67,263.55,1.67, ,,,,,,,18975.33,,,18975.33333
542,359.38,1.67,311.46,1.67, ,,,,,,,18975.33,,,19023.24333
552,407.3,1.68,311.46,1.67, ,,,,,,,19023.25,,,19023.24333
562,407.3,1.68,311.46,1.67, ,,,,,,,19023.25,,,19023.24333
572,455.22,1.68,359.38,1.67, ,,,,,,,19071.17,,,19071.16333
582,455.22,1.68,407.3,1.68, ,,,,,,,19071.17,,,19119.08333
592,455.22,1.68,359.38,1.67, ,,,,,,,19071.17,,,19071.16333
602,503.13,1.68,359.38,1.67, ,,,,,,,19119.08,,,19071.16333
612,551.05,1.69,407.3,1.68, ,,,,,,,19167,,,19119.08333
622,551.05,1.69,407.3,1.68, ,,,,,,,19167,,,19119.08333
632,551.05,1.69,407.3,1.68, ,,,,,,,19167,,,19119.08333
642,551.05,1.69,407.3,1.68, ,,,,,,,19167,,,19119.08333
652,551.05,1.69,407.3,1.68, ,,,,,,,19167,,,19119.08333
662,598.97,1.69,455.22,1.68, ,,,,,,,19214.92,,,19167.00333
672,598.97,1.69,551.05,1.69, ,,,,,,,19214.92,,,19262.83333
682,598.97,1.69,455.22,1.68, ,,,,,,,19214.92,,,19167.00333
692,646.89,1.69,455.22,1.68, ,,,,,,,19262.84,,,19167.00333
702,646.89,1.69,503.13,1.68, ,,,,,,,19262.84,,,19214.91333
712,598.97,1.69,503.13,1.68, ,,,,,,,19214.92,,,19214.91333
722,646.89,1.69,503.13,1.68, ,,,,,,,19262.84,,,19214.91333
732,646.89,1.69,503.13,1.68, ,,,,,,,19262.84,,,19214.91333
742,646.89,1.69,503.13,1.68, ,,,,,,,19262.84,,,19214.91333
752,646.89,1.69,598.97,1.69, ,,,,,,,19262.84,,,19310.75333
762,694.8,1.7,551.05,1.69, ,,,,,,,19310.75,,,19262.83333
772,646.89,1.69,598.97,1.69, ,,,,,,,19262.84,,,19310.75333
782,694.8,1.7,551.05,1.69, ,,,,,,,19310.75,,,19262.83333
792,694.8,1.7,551.05,1.69, ,,,,,,,19310.75,,,19262.83333
802,694.8,1.7,598.97,1.69, ,,,,,,,19310.75,,,19310.75333
812,694.8,1.7,598.97,1.69, ,,,,,,,19310.75,,,19310.75333
822,694.8,1.7,551.05,1.69, ,,,,,,,19310.75,,,19262.83333
832,694.8,1.7,551.05,1.69, ,,,,,,,19310.75,,,19262.83333
842,694.8,1.7,551.05,1.69, ,,,,,,,19310.75,,,19262.83333
852,694.8,1.7,551.05,1.69, ,,,,,,,19310.75,,,19262.83333
862,694.8,1.7,551.05,1.69, ,,,,,,,19310.75,,,19262.83333
872,694.8,1.7,551.05,1.69, ,,,,,,,19310.75,,,19262.83333
882,694.8,1.7,551.05,1.69, ,,,,,,,19310.75,,,19262.83333
892,742.72,1.7,598.97,1.69, ,,,,,,,19358.67,,,19310.75333
902,790.64,1.7,598.97,1.69, ,,,,,,,19406.59,,,19310.75333
912,742.72,1.7,551.05,1.69, ,,,,,,,19358.67,,,19262.83333
922,742.72,1.7,598.97,1.69, ,,,,,,,19358.67,,,19310.75333
932,742.72,1.7,598.97,1.69, ,,,,,,,19358.67,,,19310.75333
942,742.72,1.7,598.97,1.69, ,,,,,,,19358.67,,,19310.75333
952,742.72,1.7,598.97,1.69, ,,,,,,,19358.67,,,19310.75333
962,742.72,1.7,598.97,1.69, ,,,,,,,19358.67,,,19310.75333
972,742.72,1.7,598.97,1.69, ,,,,,,,19358.67,,,19310.75333
982,742.72,1.7,598.97,1.69, ,,,,,,,19358.67,,,19310.75333
992,742.72,1.7,598.97,1.69, ,,,,,,,19358.67,,,19310.75333
1002,742.72,1.7,598.97,1.69, ,,,,,,,19358.67,,,19310.75333
1012,790.64,1.7,598.97,1.69, ,,,,,,,19406.59,,,19310.75333
1022,742.72,1.7,598.97,1.69, ,,,,,,,19358.67,,,19310.75333
1032,790.64,1.7,646.89,1.69, ,,,,,,,19406.59,,,19358.67333
1042,838.56,1.71,598.97,1.69, ,,,,,,,19454.51,,,19310.75333
1052,790.64,1.7,598.97,1.69, ,,,,,,,19406.59,,,19310.75333
1062,742.72,1.7,646.89,1.69, ,,,,,,,19358.67,,,19358.67333
1072,790.64,1.7,598.97,1.69, ,,,,,,,19406.59,,,19310.75333
1082,742.72,1.7,598.97,1.69, ,,,,,,,19358.67,,,19310.75333
1092,790.64,1.7,598.97,1.69, ,,,,,,,19406.59,,,19310.75333
1102,790.64,1.7,598.97,1.69, ,,,,,,,19406.59,,,19310.75333
1112,790.64,1.7,598.97,1.69, ,,,,,,,19406.59,,,19310.75333
1122,790.64,1.7,598.97,1.69, ,,,,,,,19406.59,,,19310.75333
1132,790.64,1.7,598.97,1.69, ,,,,,,,19406.59,,,19310.75333
1142,790.64,1.7,598.97,1.69, ,,,,,,,19406.59,,,19310.75333
1152,790.64,1.7,598.97,1.69, ,,,,,,,19406.59,,,19310.75333
1162,790.64,1.7,598.97,1.69, ,,,,,,,19406.59,,,19310.75333
1172,790.64,1.7,598.97,1.69, ,,,,,,,19406.59,,,19310.75333
1182,790.64,1.7,646.89,1.69, ,,,,,,,19406.59,,,19358.67333
1192,790.64,1.7,742.72,1.7, ,,,,,,,19406.59,,,19454.50333
1202,790.64,1.7,646.89,1.69, ,,,,,,,19406.59,,,19358.67333
1212,790.64,1.7,598.97,1.69, ,,,,,,,19406.59,,,19310.75333
1222,790.64,1.7,646.89,1.69, ,,,,,,,19406.59,,,19358.67333
1232,790.64,1.7,646.89,1.69, ,,,,,,,19406.59,,,19358.67333
1242,790.64,1.7,646.89,1.69, ,,,,,,,19406.59,,,19358.67333
1252,790.64,1.7,598.97,1.69, ,,,,,,,19406.59,,,19310.75333
1262,790.64,1.7,646.89,1.69, ,,,,,,,19406.59,,,19358.67333
1272,790.64,1.7,646.89,1.69, ,,,,,,,19406.59,,,19358.67333
1282,790.64,1.7,646.89,1.69, ,,,,,,,19406.59,,,19358.67333
1292,790.64,1.7,646.89,1.69, ,,,,,,,19406.59,,,19358.67333
1302,790.64,1.7,646.89,1.69, ,,,,,,,19406.59,,,19358.67333
1312,790.64,1.7,598.97,1.69, ,,,,,,,19406.59,,,19310.75333
1322,790.64,1.7,646.89,1.69, ,,,,,,,19406.59,,,19358.67333
1332,790.64,1.7,646.89,1.69, ,,,,,,,19406.59,,,19358.67333
1342,790.64,1.7,646.89,1.69, ,,,,,,,19406.59,,,19358.67333
1352,790.64,1.7,646.89,1.69, ,,,,,,,19406.59,,,19358.67333
1362,742.72,1.7,646.89,1.69, ,,,,,,,19358.67,,,19358.67333
1372,790.64,1.7,646.89,1.69, ,,,,,,,19406.59,,,19358.67333
1382,790.64,1.7,646.89,1.69, ,,,,,,,19406.59,,,19358.67333
1392,790.64,1.7,646.89,1.69, ,,,,,,,19406.59,,,19358.67333
1402,790.64,1.7,598.97,1.69, ,,,,,,,19406.59,,,19310.75333
1412,790.64,1.7,646.89,1.69, ,,,,,,,19406.59,,,19358.67333
1422,790.64,1.7,646.89,1.69, ,,,,,,,19406.59,,,19358.67333
1432,790.64,1.7,646.89,1.69, ,,,,,,,19406.59,,,19358.67333
1442,790.64,1.7,646.89,1.69, ,,,,,,,19406.59,,,19358.67333
1452,838.56,1.71,646.89,1.69, ,,,,,,,19454.51,,,19358.67333
1462,790.64,1.7,646.89,1.69, ,,,,,,,19406.59,,,19358.67333
1472,838.56,1.71,646.89,1.69, ,,,,,,,19454.51,,,19358.67333
1482,790.64,1.7,646.89,1.69, ,,,,,,,19406.59,,,19358.67333
1492,790.64,1.7,646.89,1.69, ,,,,,,,19406.59,,,19358.67333
1502,790.64,1.7,646.89,1.69, ,,,,,,,19406.59,,,19358.67333
1512,790.64,1.7,646.89,1.69, ,,,,,,,19406.59,,,19358.67333
1522,790.64,1.7,646.89,1.69, ,,,,,,,19406.59,,,19358.67333
1532,790.64,1.7,646.89,1.69, ,,,,,,,19406.59,,,19358.67333
1542,790.64,1.7,646.89,1.69, ,,,,,,,19406.59,,,19358.67333
1552,790.64,1.7,646.89,1.69, ,,,,,,,19406.59,,,19358.67333
1562,838.56,1.71,646.89,1.69, ,,,,,,,19454.51,,,19358.67333
1572,790.64,1.7,646.89,1.69, ,,,,,,,19406.59,,,19358.67333
1582,790.64,1.7,646.89,1.69, ,,,,,,,19406.59,,,19358.67333
1592,790.64,1.7,646.89,1.69, ,,,,,,,19406.59,,,19358.67333
1602,790.64,1.7,646.89,1.69, ,,,,,,,19406.59,,,19358.67333
1612,790.64,1.7,646.89,1.69, ,,,,,,,19406.59,,,19358.67333
1622,790.64,1.7,646.89,1.69, ,,,,,,,19406.59,,,19358.67333
1632,790.64,1.7,646.89,1.69, ,,,,,,,19406.59,,,19358.67333
1642,790.64,1.7,694.8,1.7, ,,,,,,,19406.59,,,19406.58333
1652,838.56,1.71,694.8,1.7, ,,,,,,,19454.51,,,19406.58333
1662,790.64,1.7,646.89,1.69, ,,,,,,,19406.59,,,19358.67333
1672,790.64,1.7,646.89,1.69, ,,,,,,,19406.59,,,19358.67333
1682,790.64,1.7,646.89,1.69, ,,,,,,,19406.59,,,19358.67333
1692,790.64,1.7,646.89,1.69, ,,,,,,,19406.59,,,19358.67333
1702,838.56,1.71,694.8,1.7, ,,,,,,,19454.51,,,19406.58333
1712,790.64,1.7,646.89,1.69, ,,,,,,,19406.59,,,19358.67333
1722,838.56,1.71,646.89,1.69, ,,,,,,,19454.51,,,19358.67333
1732,790.64,1.7,646.89,1.69, ,,,,,,,19406.59,,,19358.67333
1742,790.64,1.7,646.89,1.69, ,,,,,,,19406.59,,,19358.67333
1752,790.64,1.7,646.89,1.69, ,,,,,,,19406.59,,,19358.67333
1762,790.64,1.7,646.89,1.69, ,,,,,,,19406.59,,,19358.67333
1772,838.56,1.71,646.89,1.69, ,,,,,,,19454.51,,,19358.67333
1782,838.56,1.71,646.89,1.69, ,,,,,,,19454.51,,,19358.67333
1792,790.64,1.7,646.89,1.69, ,,,,,,,19406.59,,,19358.67333
1802,790.64,1.7,646.89,1.69, ,,,,,,,19406.59,,,19358.67333
1812,790.64,1.7,742.72,1.7, ,,,,,,,19406.59,,,19454.50333
1822,790.64,1.7,646.89,1.69, ,,,,,,,19406.59,,,19358.67333
1832,838.56,1.71,646.89,1.69, ,,,,,,,19454.51,,,19358.67333
1842,790.64,1.7,646.89,1.69, ,,,,,,,19406.59,,,19358.67333
1852,790.64,1.7,646.89,1.69, ,,,,,,,19406.59,,,19358.67333
1862,838.56,1.71,646.89,1.69, ,,,,,,,19454.51,,,19358.67333
1872,790.64,1.7,646.89,1.69, ,,,,,,,19406.59,,,19358.67333
1882,790.64,1.7,646.89,1.69, ,,,,,,,19406.59,,,19358.67333
1892,886.47,1.71,646.89,1.69, ,,,,,,,19502.42,,,19358.67333
1902,790.64,1.7,646.89,1.69, ,,,,,,,19406.59,,,19358.67333
1912,790.64,1.7,646.89,1.69, ,,,,,,,19406.59,,,19358.67333
1922,790.64,1.7,646.89,1.69, ,,,,,,,19406.59,,,19358.67333
1932,790.64,1.7,646.89,1.69, ,,,,,,,19406.59,,,19358.67333
1942,838.56,1.71,646.89,1.69, ,,,,,,,19454.51,,,19358.67333
1952,790.64,1.7,646.89,1.69, ,,,,,,,19406.59,,,19358.67333
1962,838.56,1.71,646.89,1.69, ,,,,,,,19454.51,,,19358.67333
1972,790.64,1.7,646.89,1.69, ,,,,,,,19406.59,,,19358.67333
1982,790.64,1.7,646.89,1.69, ,,,,,,,19406.59,,,19358.67333
1992,790.64,1.7,646.89,1.69, ,,,,,,,19406.59,,,19358.67333
2002,838.56,1.71,646.89,1.69, ,,,,,,,19454.51,,,19358.67333
2012,790.64,1.7,646.89,1.69, ,,,,,,,19406.59,,,19358.67333
2022,790.64,1.7,646.89,1.69, ,,,,,,,19406.59,,,19358.67333
2032,790.64,1.7,694.8,1.7, ,,,,,,,19406.59,,,19406.58333
2042,790.64,1.7,646.89,1.69, ,,,,,,,19406.59,,,19358.67333
2052,790.64,1.7,646.89,1.69, ,,,,,,,19406.59,,,19358.67333
2062,790.64,1.7,646.89,1.69, ,,,,,,,19406.59,,,19358.67333
2072,790.64,1.7,646.89,1.69, ,,,,,,,19406.59,,,19358.67333
2082,790.64,1.7,646.89,1.69, ,,,,,,,19406.59,,,19358.67333
2092,790.64,1.7,646.89,1.69, ,,,,,,,19406.59,,,19358.67333
2102,790.64,1.7,694.8,1.7, ,,,,,,,19406.59,,,19406.58333
2112,790.64,1.7,646.89,1.69, ,,,,,,,19406.59,,,19358.67333
2122,790.64,1.7,646.89,1.69, ,,,,,,,19406.59,,,19358.67333
2132,838.56,1.71,646.89,1.69, ,,,,,,,19454.51,,,19358.67333
2142,790.64,1.7,646.89,1.69, ,,,,,,,19406.59,,,19358.67333
2152,838.56,1.71,646.89,1.69, ,,,,,,,19454.51,,,19358.67333
2162,838.56,1.71,742.72,1.7, ,,,,,,,19454.51,,,19454.50333
2172,790.64,1.7,646.89,1.69, ,,,,,,,19406.59,,,19358.67333
2182,790.64,1.7,646.89,1.69, ,,,,,,,19406.59,,,19358.67333
2192,790.64,1.7,646.89,1.69, ,,,,,,,19406.59,,,19358.67333
2202,790.64,1.7,646.89,1.69, ,,,,,,,19406.59,,,19358.67333
2212,790.64,1.7,646.89,1.69, ,,,,,,,19406.59,,,19358.67333
2222,790.64,1.7,694.8,1.7, ,,,,,,,19406.59,,,19406.58333
2232,790.64,1.7,646.89,1.69, ,,,,,,,19406.59,,,19358.67333
2242,790.64,1.7,646.89,1.69, ,,,,,,,19406.59,,,19358.67333
2252,838.56,1.71,646.89,1.69, ,,,,,,,19454.51,,,19358.67333
2262,790.64,1.7,646.89,1.69, ,,,,,,,19406.59,,,19358.67333
2272,790.64,1.7,646.89,1.69, ,,,,,,,19406.59,,,19358.67333
2282,790.64,1.7,646.89,1.69, ,,,,,,,19406.59,,,19358.67333
2292,790.64,1.7,598.97,1.69, ,,,,,,,19406.59,,,19310.75333
2302,790.64,1.7,646.89,1.69, ,,,,,,,19406.59,,,19358.67333
2312,838.56,1.71,646.89,1.69, ,,,,,,,19454.51,,,19358.67333
2322,886.47,1.71,646.89,1.69, ,,,,,,,19502.42,,,19358.67333
2332,790.64,1.7,646.89,1.69, ,,,,,,,19406.59,,,19358.67333
2342,790.64,1.7,646.89,1.69, ,,,,,,,19406.59,,,19358.67333
2352,790.64,1.7,646.89,1.69, ,,,,,,,19406.59,,,19358.67333
2362,790.64,1.7,646.89,1.69, ,,,,,,,19406.59,,,19358.67333
2372,790.64,1.7,646.89,1.69, ,,,,,,,19406.59,,,19358.67333
2382,790.64,1.7,646.89,1.69, ,,,,,,,19406.59,,,19358.67333
2392,790.64,1.7,646.89,1.69, ,,,,,,,19406.59,,,19358.67333
2402,838.56,1.71,646.89,1.69, ,,,,,,,19454.51,,,19358.67333
2412,790.64,1.7,646.89,1.69, ,,,,,,,19406.59,,,19358.67333
2422,790.64,1.7,646.89,1.69, ,,,,,,,19406.59,,,19358.67333
2432,790.64,1.7,694.8,1.7, ,,,,,,,19406.59,,,19406.58333
2442,790.64,1.7,694.8,1.7, ,,,,,,,19406.59,,,19406.58333
2452,790.64,1.7,646.89,1.69, ,,,,,,,19406.59,,,19358.67333
2462,790.64,1.7,646.89,1.69, ,,,,,,,19406.59,,,19358.67333
2472,838.56,1.71,646.89,1.69, ,,,,,,,19454.51,,,19358.67333
2482,790.64,1.7,646.89,1.69, ,,,,,,,19406.59,,,19358.67333
2492,790.64,1.7,646.89,1.69, ,,,,,,,19406.59,,,19358.67333
2502,838.56,1.71,646.89,1.69, ,,,,,,,19454.51,,,19358.67333
2512,790.64,1.7,646.89,1.69, ,,,,,,,19406.59,,,19358.67333
2522,790.64,1.7,646.89,1.69, ,,,,,,,19406.59,,,19358.67333
2532,790.64,1.7,694.8,1.7, ,,,,,,,19406.59,,,19406.58333
2542,790.64,1.7,646.89,1.69, ,,,,,,,19406.59,,,19358.67333
2552,790.64,1.7,646.89,1.69, ,,,,,,,19406.59,,,19358.67333
2562,790.64,1.7,646.89,1.69, ,,,,,,,19406.59,,,19358.67333
2572,790.64,1.7,646.89,1.69, ,,,,,,,19406.59,,,19358.67333
2582,790.64,1.7,646.89,1.69, ,,,,,,,19406.59,,,19358.67333
2592,790.64,1.7,646.89,1.69, ,,,,,,,19406.59,,,19358.67333
2602,790.64,1.7,646.89,1.69, ,,,,,,,19406.59,,,19358.67333
2612,790.64,1.7,646.89,1.69, ,,,,,,,19406.59,,,19358.67333
2622,790.64,1.7,646.89,1.69, ,,,,,,,19406.59,,,19358.67333
2632,790.64,1.7,646.89,1.69, ,,,,,,,19406.59,,,19358.67333
2642,790.64,1.7,646.89,1.69, ,,,,,,,19406.59,,,19358.67333
2652,838.56,1.71,646.89,1.69, ,,,,,,,19454.51,,,19358.67333
2662,790.64,1.7,646.89,1.69, ,,,,,,,19406.59,,,19358.67333
2672,790.64,1.7,646.89,1.69, ,,,,,,,19406.59,,,19358.67333
2682,838.56,1.71,646.89,1.69, ,,,,,,,19454.51,,,19358.67333
2692,790.64,1.7,646.89,1.69, ,,,,,,,19406.59,,,19358.67333
2702,790.64,1.7,646.89,1.69, ,,,,,,,19406.59,,,19358.67333
2712,790.64,1.7,646.89,1.69, ,,,,,,,19406.59,,,19358.67333
2722,790.64,1.7,646.89,1.69, ,,,,,,,19406.59,,,19358.67333
2732,790.64,1.7,646.89,1.69, ,,,,,,,19406.59,,,19358.67333
2742,790.64,1.7,646.89,1.69, ,,,,,,,19406.59,,,19358.67333
2752,790.64,1.7,646.89,1.69, ,,,,,,,19406.59,,,19358.67333
2762,790.64,1.7,646.89,1.69, ,,,,,,,19406.59,,,19358.67333
2772,790.64,1.7,646.89,1.69, ,,,,,,,19406.59,,,19358.67333
2782,838.56,1.71,646.89,1.69, ,,,,,,,19454.51,,,19358.67333
2792,790.64,1.7,646.89,1.69, ,,,,,,,19406.59,,,19358.67333
2802,790.64,1.7,646.89,1.69, ,,,,,,,19406.59,,,19358.67333
2812,790.64,1.7,646.89,1.69, ,,,,,,,19406.59,,,19358.67333
2822,790.64,1.7,646.89,1.69, ,,,,,,,19406.59,,,19358.67333
2832,790.64,1.7,646.89,1.69, ,,,,,,,19406.59,,,19358.67333
2842,790.64,1.7,694.8,1.7, ,,,,,,,19406.59,,,19406.58333
2852,790.64,1.7,742.72,1.7, ,,,,,,,19406.59,,,19454.50333
2862,790.64,1.7,646.89,1.69, ,,,,,,,19406.59,,,19358.67333
2872,790.64,1.7,646.89,1.69, ,,,,,,,19406.59,,,19358.67333
2882,790.64,1.7,646.89,1.69, ,,,,,,,19406.59,,,19358.67333
2892,838.56,1.71,646.89,1.69, ,,,,,,,19454.51,,,19358.67333
2902,790.64,1.7,646.89,1.69, ,,,,,,,19406.59,,,19358.67333
2912,790.64,1.7,646.89,1.69, ,,,,,,,19406.59,,,19358.67333
2922,790.64,1.7,694.8,1.7, ,,,,,,,19406.59,,,19406.58333
2932,790.64,1.7,646.89,1.69, ,,,,,,,19406.59,,,19358.67333
2942,790.64,1.7,646.89,1.69, ,,,,,,,19406.59,,,19358.67333
2952,838.56,1.71,646.89,1.69, ,,,,,,,19454.51,,,19358.67333
2962,838.56,1.71,646.89,1.69, ,,,,,,,19454.51,,,19358.67333
2972,790.64,1.7,646.89,1.69, ,,,,,,,19406.59,,,19358.67333
2982,790.64,1.7,646.89,1.69, ,,,,,,,19406.59,,,19358.67333
2992,790.64,1.7,646.89,1.69, ,,,,,,,19406.59,,,19358.67333
3002,790.64,1.7,646.89,1.69, ,,,,,,,19406.59,,,19358.67333
3012,790.64,1.7,646.89,1.69, ,,,,,,,19406.59,,,19358.67333
3022,790.64,1.7,646.89,1.69, ,,,,,,,19406.59,,,19358.67333
3032,790.64,1.7,646.89,1.69, ,,,,,,,19406.59,,,19358.67333
3042,838.56,1.71,646.89,1.69, ,,,,,,,19454.51,,,19358.67333
3052,790.64,1.7,646.89,1.69, ,,,,,,,19406.59,,,19358.67333
3062,790.64,1.7,646.89,1.69, ,,,,,,,19406.59,,,19358.67333
3072,838.56,1.71,646.89,1.69, ,,,,,,,19454.51,,,19358.67333
3082,790.64,1.7,646.89,1.69, ,,,,,,,19406.59,,,19358.67333
3092,790.64,1.7,646.89,1.69, ,,,,,,,19406.59,,,19358.67333
3102,790.64,1.7,646.89,1.69, ,,,,,,,19406.59,,,19358.67333
3112,790.64,1.7,646.89,1.69, ,,,,,,,19406.59,,,19358.67333
3122,790.64,1.7,646.89,1.69, ,,,,,,,19406.59,,,19358.67333
3132,790.64,1.7,646.89,1.69, ,,,,,,,19406.59,,,19358.67333
3142,838.56,1.71,646.89,1.69, ,,,,,,,19454.51,,,19358.67333
3152,838.56,1.71,646.89,1.69, ,,,,,,,19454.51,,,19358.67333
3162,838.56,1.71,646.89,1.69, ,,,,,,,19454.51,,,19358.67333
3172,790.64,1.7,646.89,1.69, ,,,,,,,19406.59,,,19358.67333
3182,790.64,1.7,646.89,1.69, ,,,,,,,19406.59,,,19358.67333
3192,790.64,1.7,646.89,1.69, ,,,,,,,19406.59,,,19358.67333
3202,790.64,1.7,646.89,1.69, ,,,,,,,19406.59,,,19358.67333
3212,790.64,1.7,646.89,1.69, ,,,,,,,19406.59,,,19358.67333
3222,790.64,1.7,694.8,1.7, ,,,,,,,19406.59,,,19406.58333
3232,790.64,1.7,646.89,1.69, ,,,,,,,19406.59,,,19358.67333
3242,790.64,1.7,646.89,1.69, ,,,,,,,19406.59,,,19358.67333
3252,790.64,1.7,646.89,1.69, ,,,,,,,19406.59,,,19358.67333
3262,838.56,1.71,646.89,1.69, ,,,,,,,19454.51,,,19358.67333
3272,790.64,1.7,646.89,1.69, ,,,,,,,19406.59,,,19358.67333
3282,790.64,1.7,646.89,1.69, ,,,,,,,19406.59,,,19358.67333
3292,790.64,1.7,646.89,1.69, ,,,,,,,19406.59,,,19358.67333
3302,838.56,1.71,646.89,1.69, ,,,,,,,19454.51,,,19358.67333
3312,838.56,1.71,646.89,1.69, ,,,,,,,19454.51,,,19358.67333
3322,838.56,1.71,646.89,1.69, ,,,,,,,19454.51,,,19358.67333
3332,790.64,1.7,646.89,1.69, ,,,,,,,19406.59,,,19358.67333
3342,790.64,1.7,646.89,1.69, ,,,,,,,19406.59,,,19358.67333
3352,790.64,1.7,598.97,1.69, ,,,,,,,19406.59,,,19310.75333
3362,838.56,1.71,646.89,1.69, ,,,,,,,19454.51,,,19358.67333
3372,790.64,1.7,646.89,1.69, ,,,,,,,19406.59,,,19358.67333
3382,790.64,1.7,646.89,1.69, ,,,,,,,19406.59,,,19358.67333
3392,790.64,1.7,646.89,1.69, ,,,,,,,19406.59,,,19358.67333
3402,790.64,1.7,646.89,1.69, ,,,,,,,19406.59,,,19358.67333
3412,838.56,1.71,646.89,1.69, ,,,,,,,19454.51,,,19358.67333
3422,838.56,1.71,646.89,1.69, ,,,,,,,19454.51,,,19358.67333
3432,838.56,1.71,646.89,1.69, ,,,,,,,19454.51,,,19358.67333
3442,790.64,1.7,646.89,1.69, ,,,,,,,19406.59,,,19358.67333
3452,790.64,1.7,646.89,1.69, ,,,,,,,19406.59,,,19358.67333
3462,790.64,1.7,646.89,1.69, ,,,,,,,19406.59,,,19358.67333
3472,790.64,1.7,646.89,1.69, ,,,,,,,19406.59,,,19358.67333
3482,790.64,1.7,646.89,1.69, ,,,,,,,19406.59,,,19358.67333
3492,790.64,1.7,646.89,1.69, ,,,,,,,19406.59,,,19358.67333
3502,838.56,1.71,646.89,1.69, ,,,,,,,19454.51,,,19358.67333
3512,790.64,1.7,646.89,1.69, ,,,,,,,19406.59,,,19358.67333
3522,790.64,1.7,646.89,1.69, ,,,,,,,19406.59,,,19358.67333
3532,790.64,1.7,646.89,1.69, ,,,,,,,19406.59,,,19358.67333
3542,790.64,1.7,646.89,1.69, ,,,,,,,19406.59,,,19358.67333
3552,790.64,1.7,646.89,1.69, ,,,,,,,19406.59,,,19358.67333
3562,790.64,1.7,646.89,1.69, ,,,,,,,19406.59,,,19358.67333
3572,838.56,1.71,646.89,1.69, ,,,,,,,19454.51,,,19358.67333
3582,790.64,1.7,646.89,1.69, ,,,,,,,19406.59,,,19358.67333
3592,790.64,1.7,646.89,1.69, ,,,,,,,19406.59,,,19358.67333
3602,790.64,1.7,790.64,1.7, ,,,,,,,19406.59,,,19502.42333
3612,790.64,1.7,646.89,1.69, ,,,,,,,19406.59,,,19358.67333
3622,790.64,1.7,646.89,1.69, ,,,,,,,19406.59,,,19358.67333
3632,790.64,1.7,646.89,1.69, ,,,,,,,19406.59,,,19358.67333
3642,790.64,1.7,646.89,1.69, ,,,,,,,19406.59,,,19358.67333
3652,790.64,1.7,646.89,1.69, ,,,,,,,19406.59,,,19358.67333
3662,790.64,1.7,646.89,1.69, ,,,,,,,19406.59,,,19358.67333
3672,838.56,1.71,646.89,1.69, ,,,,,,,19454.51,,,19358.67333
3682,838.56,1.71,646.89,1.69, ,,,,,,,19454.51,,,19358.67333
3692,838.56,1.71,646.89,1.69, ,,,,,,,19454.51,,,19358.67333
3702,838.56,1.71,646.89,1.69, ,,,,,,,19454.51,,,19358.67333
3712,838.56,1.71,646.89,1.69, ,,,,,,,19454.51,,,19358.67333
3722,790.64,1.7,646.89,1.69, ,,,,,,,19406.59,,,19358.67333
3732,790.64,1.7,646.89,1.69, ,,,,,,,19406.59,,,19358.67333
3742,838.56,1.71,646.89,1.69, ,,,,,,,19454.51,,,19358.67333
3752,790.64,1.7,646.89,1.69, ,,,,,,,19406.59,,,19358.67333
3762,790.64,1.7,646.89,1.69, ,,,,,,,19406.59,,,19358.67333
3772,790.64,1.7,646.89,1.69, ,,,,,,,19406.59,,,19358.67333
3782,838.56,1.71,646.89,1.69, ,,,,,,,19454.51,,,19358.67333
3792,838.56,1.71,646.89,1.69, ,,,,,,,19454.51,,,19358.67333
3802,790.64,1.7,646.89,1.69, ,,,,,,,19406.59,,,19358.67333
3812,838.56,1.71,742.72,1.7, ,,,,,,,19454.51,,,19454.50333
3822,838.56,1.71,646.89,1.69, ,,,,,,,19454.51,,,19358.67333
3832,838.56,1.71,646.89,1.69, ,,,,,,,19454.51,,,19358.67333
3842,838.56,1.71,646.89,1.69, ,,,,,,,19454.51,,,19358.67333
3852,838.56,1.71,646.89,1.69, ,,,,,,,19454.51,,,19358.67333
3862,790.64,1.7,646.89,1.69, ,,,,,,,19406.59,,,19358.67333
3872,790.64,1.7,646.89,1.69, ,,,,,,,19406.59,,,19358.67333
3882,838.56,1.71,646.89,1.69, ,,,,,,,19454.51,,,19358.67333
3892,790.64,1.7,646.89,1.69, ,,,,,,,19406.59,,,19358.67333
3902,838.56,1.71,742.72,1.7, ,,,,,,,19454.51,,,19454.50333
3912,838.56,1.71,646.89,1.69, ,,,,,,,19454.51,,,19358.67333
3922,838.56,1.71,646.89,1.69, ,,,,,,,19454.51,,,19358.67333
3932,838.56,1.71,646.89,1.69, ,,,,,,,19454.51,,,19358.67333
3942,790.64,1.7,646.89,1.69, ,,,,,,,19406.59,,,19358.67333
3952,790.64,1.7,646.89,1.69, ,,,,,,,19406.59,,,19358.67333
3962,838.56,1.71,646.89,1.69, ,,,,,,,19454.51,,,19358.67333
3972,790.64,1.7,646.89,1.69, ,,,,,,,19406.59,,,19358.67333
3982,838.56,1.71,646.89,1.69, ,,,,,,,19454.51,,,19358.67333
3992,838.56,1.71,694.8,1.7, ,,,,,,,19454.51,,,19406.58333
4002,838.56,1.71,646.89,1.69, ,,,,,,,19454.51,,,19358.67333
4012,838.56,1.71,646.89,1.69, ,,,,,,,19454.51,,,19358.67333
4022,838.56,1.71,694.8,1.7, ,,,,,,,19454.51,,,19406.58333
4032,790.64,1.7,646.89,1.69, ,,,,,,,19406.59,,,19358.67333
4042,838.56,1.71,646.89,1.69, ,,,,,,,19454.51,,,19358.67333
4052,838.56,1.71,646.89,1.69, ,,,,,,,19454.51,,,19358.67333
4062,838.56,1.71,790.64,1.7, ,,,,,,,19454.51,,,19502.42333
4072,790.64,1.7,646.89,1.69, ,,,,,,,19406.59,,,19358.67333
4082,838.56,1.71,646.89,1.69, ,,,,,,,19454.51,,,19358.67333
4092,790.64,1.7,646.89,1.69, ,,,,,,,19406.59,,,19358.67333
4102,790.64,1.7,694.8,1.7, ,,,,,,,19406.59,,,19406.58333
4112,838.56,1.71,646.89,1.69, ,,,,,,,19454.51,,,19358.67333
4122,838.56,1.71,646.89,1.69, ,,,,,,,19454.51,,,19358.67333
4132,838.56,1.71,694.8,1.7, ,,,,,,,19454.51,,,19406.58333
4142,838.56,1.71,694.8,1.7, ,,,,,,,19454.51,,,19406.58333
4152,838.56,1.71,646.89,1.69, ,,,,,,,19454.51,,,19358.67333
4162,838.56,1.71,646.89,1.69, ,,,,,,,19454.51,,,19358.67333
4172,838.56,1.71,646.89,1.69, ,,,,,,,19454.51,,,19358.67333
4182,838.56,1.71,646.89,1.69, ,,,,,,,19454.51,,,19358.67333
4192,838.56,1.71,646.89,1.69, ,,,,,,,19454.51,,,19358.67333
4202,790.64,1.7,646.89,1.69, ,,,,,,,19406.59,,,19358.67333
4212,838.56,1.71,646.89,1.69, ,,,,,,,19454.51,,,19358.67333
4222,838.56,1.71,646.89,1.69, ,,,,,,,19454.51,,,19358.67333
4232,838.56,1.71,646.89,1.69, ,,,,,,,19454.51,,,19358.67333
4242,838.56,1.71,646.89,1.69, ,,,,,,,19454.51,,,19358.67333
4252,838.56,1.71,646.89,1.69, ,,,,,,,19454.51,,,19358.67333
4262,790.64,1.7,694.8,1.7, ,,,,,,,19406.59,,,19406.58333
4272,838.56,1.71,646.89,1.69, ,,,,,,,19454.51,,,19358.67333
4282,838.56,1.71,646.89,1.69, ,,,,,,,19454.51,,,19358.67333
4292,790.64,1.7,646.89,1.69, ,,,,,,,19406.59,,,19358.67333
4302,838.56,1.71,646.89,1.69, ,,,,,,,19454.51,,,19358.67333
4312,790.64,1.7,646.89,1.69, ,,,,,,,19406.59,,,19358.67333
4322,790.64,1.7,646.89,1.69, ,,,,,,,19406.59,,,19358.67333
4332,790.64,1.7,646.89,1.69, ,,,,,,,19406.59,,,19358.67333
4342,790.64,1.7,694.8,1.7, ,,,,,,,19406.59,,,19406.58333
4352,838.56,1.71,646.89,1.69, ,,,,,,,19454.51,,,19358.67333
4362,838.56,1.71,646.89,1.69, ,,,,,,,19454.51,,,19358.67333
4372,838.56,1.71,646.89,1.69, ,,,,,,,19454.51,,,19358.67333
4382,838.56,1.71,646.89,1.69, ,,,,,,,19454.51,,,19358.67333
4392,790.64,1.7,646.89,1.69, ,,,,,,,19406.59,,,19358.67333
4402,838.56,1.71,646.89,1.69, ,,,,,,,19454.51,,,19358.67333
4412,838.56,1.71,646.89,1.69, ,,,,,,,19454.51,,,19358.67333
4422,838.56,1.71,694.8,1.7, ,,,,,,,19454.51,,,19406.58333
4432,838.56,1.71,646.89,1.69, ,,,,,,,19454.51,,,19358.67333
4442,790.64,1.7,694.8,1.7, ,,,,,,,19406.59,,,19406.58333
4452,790.64,1.7,694.8,1.7, ,,,,,,,19406.59,,,19406.58333
4462,838.56,1.71,646.89,1.69, ,,,,,,,19454.51,,,19358.67333
4472,838.56,1.71,646.89,1.69, ,,,,,,,19454.51,,,19358.67333
4482,790.64,1.7,646.89,1.69, ,,,,,,,19406.59,,,19358.67333
4492,838.56,1.71,646.89,1.69, ,,,,,,,19454.51,,,19358.67333
4502,838.56,1.71,646.89,1.69, ,,,,,,,19454.51,,,19358.67333
4512,790.64,1.7,646.89,1.69, ,,,,,,,19406.59,,,19358.67333
4522,838.56,1.71,646.89,1.69, ,,,,,,,19454.51,,,19358.67333
4532,790.64,1.7,694.8,1.7, ,,,,,,,19406.59,,,19406.58333
4542,838.56,1.71,646.89,1.69, ,,,,,,,19454.51,,,19358.67333
4552,838.56,1.71,646.89,1.69, ,,,,,,,19454.51,,,19358.67333
4562,838.56,1.71,646.89,1.69, ,,,,,,,19454.51,,,19358.67333
4572,790.64,1.7,694.8,1.7, ,,,,,,,19406.59,,,19406.58333
4582,838.56,1.71,646.89,1.69, ,,,,,,,19454.51,,,19358.67333
4592,838.56,1.71,646.89,1.69, ,,,,,,,19454.51,,,19358.67333
4602,838.56,1.71,646.89,1.69, ,,,,,,,19454.51,,,19358.67333
4612,838.56,1.71,646.89,1.69, ,,,,,,,19454.51,,,19358.67333
4622,838.56,1.71,646.89,1.69, ,,,,,,,19454.51,,,19358.67333
4632,790.64,1.7,646.89,1.69, ,,,,,,,19406.59,,,19358.67333
4642,838.56,1.71,694.8,1.7, ,,,,,,,19454.51,,,19406.58333
4652,838.56,1.71,646.89,1.69, ,,,,,,,19454.51,,,19358.67333
4662,838.56,1.71,646.89,1.69, ,,,,,,,19454.51,,,19358.67333
4672,838.56,1.71,646.89,1.69, ,,,,,,,19454.51,,,19358.67333
4682,838.56,1.71,694.8,1.7, ,,,,,,,19454.51,,,19406.58333
4692,838.56,1.71,694.8,1.7, ,,,,,,,19454.51,,,19406.58333
4702,886.47,1.71,646.89,1.69, ,,,,,,,19502.42,,,19358.67333
4712,838.56,1.71,646.89,1.69, ,,,,,,,19454.51,,,19358.67333
4722,838.56,1.71,646.89,1.69, ,,,,,,,19454.51,,,19358.67333
4732,838.56,1.71,694.8,1.7, ,,,,,,,19454.51,,,19406.58333
4742,790.64,1.7,646.89,1.69, ,,,,,,,19406.59,,,19358.67333
4752,838.56,1.71,646.89,1.69, ,,,,,,,19454.51,,,19358.67333
4762,838.56,1.71,694.8,1.7, ,,,,,,,19454.51,,,19406.58333
4772,790.64,1.7,646.89,1.69, ,,,,,,,19406.59,,,19358.67333
4782,838.56,1.71,646.89,1.69, ,,,,,,,19454.51,,,19358.67333
4792,838.56,1.71,694.8,1.7, ,,,,,,,19454.51,,,19406.58333
4802,790.64,1.7,646.89,1.69, ,,,,,,,19406.59,,,19358.67333
4812,838.56,1.71,646.89,1.69, ,,,,,,,19454.51,,,19358.67333
4822,838.56,1.71,646.89,1.69, ,,,,,,,19454.51,,,19358.67333
4832,790.64,1.7,646.89,1.69, ,,,,,,,19406.59,,,19358.67333
4842,790.64,1.7,694.8,1.7, ,,,,,,,19406.59,,,19406.58333
4852,838.56,1.71,646.89,1.69, ,,,,,,,19454.51,,,19358.67333
4862,790.64,1.7,646.89,1.69, ,,,,,,,19406.59,,,19358.67333
4872,838.56,1.71,646.89,1.69, ,,,,,,,19454.51,,,19358.67333
4882,838.56,1.71,646.89,1.69, ,,,,,,,19454.51,,,19358.67333
4892,838.56,1.71,646.89,1.69, ,,,,,,,19454.51,,,19358.67333
4902,838.56,1.71,646.89,1.69, ,,,,,,,19454.51,,,19358.67333
4912,838.56,1.71,646.89,1.69, ,,,,,,,19454.51,,,19358.67333
4922,838.56,1.71,646.89,1.69, ,,,,,,,19454.51,,,19358.67333
4932,790.64,1.7,646.89,1.69, ,,,,,,,19406.59,,,19358.67333
4942,790.64,1.7,646.89,1.69, ,,,,,,,19406.59,,,19358.67333
4952,838.56,1.71,646.89,1.69, ,,,,,,,19454.51,,,19358.67333
4962,838.56,1.71,646.89,1.69, ,,,,,,,19454.51,,,19358.67333
4972,838.56,1.71,646.89,1.69, ,,,,,,,19454.51,,,19358.67333
4982,838.56,1.71,646.89,1.69, ,,,,,,,19454.51,,,19358.67333
4992,790.64,1.7,694.8,1.7, ,,,,,,,19406.59,,,19406.58333
5002,838.56,1.71,646.89,1.69, ,,,,,,,19454.51,,,19358.67333
5012,838.56,1.71,646.89,1.69, ,,,,,,,19454.51,,,19358.67333
5022,790.64,1.7,646.89,1.69, ,,,,,,,19406.59,,,19358.67333
5032,838.56,1.71,646.89,1.69, ,,,,,,,19454.51,,,19358.67333
5042,790.64,1.7,646.89,1.69, ,,,,,,,19406.59,,,19358.67333
5052,838.56,1.71,646.89,1.69, ,,,,,,,19454.51,,,19358.67333
5062,790.64,1.7,646.89,1.69, ,,,,,,,19406.59,,,19358.67333
5072,790.64,1.7,646.89,1.69, ,,,,,,,19406.59,,,19358.67333
5082,838.56,1.71,646.89,1.69, ,,,,,,,19454.51,,,19358.67333
5092,838.56,1.71,646.89,1.69, ,,,,,,,19454.51,,,19358.67333
5102,838.56,1.71,646.89,1.69, ,,,,,,,19454.51,,,19358.67333
5112,838.56,1.71,646.89,1.69, ,,,,,,,19454.51,,,19358.67333
5122,838.56,1.71,694.8,1.7, ,,,,,,,19454.51,,,19406.58333
5132,790.64,1.7,646.89,1.69, ,,,,,,,19406.59,,,19358.67333
5142,838.56,1.71,646.89,1.69, ,,,,,,,19454.51,,,19358.67333
5152,838.56,1.71,646.89,1.69, ,,,,,,,19454.51,,,19358.67333
5162,790.64,1.7,646.89,1.69, ,,,,,,,19406.59,,,19358.67333
5172,838.56,1.71,646.89,1.69, ,,,,,,,19454.51,,,19358.67333
5182,838.56,1.71,646.89,1.69, ,,,,,,,19454.51,,,19358.67333
5192,838.56,1.71,646.89,1.69, ,,,,,,,19454.51,,,19358.67333
5202,838.56,1.71,694.8,1.7, ,,,,,,,19454.51,,,19406.58333
5212,838.56,1.71,646.89,1.69, ,,,,,,,19454.51,,,19358.67333
5222,886.47,1.71,646.89,1.69, ,,,,,,,19502.42,,,19358.67333
5232,790.64,1.7,646.89,1.69, ,,,,,,,19406.59,,,19358.67333
5242,790.64,1.7,646.89,1.69, ,,,,,,,19406.59,,,19358.67333
5252,838.56,1.71,646.89,1.69, ,,,,,,,19454.51,,,19358.67333
5262,790.64,1.7,646.89,1.69, ,,,,,,,19406.59,,,19358.67333
5272,838.56,1.71,646.89,1.69, ,,,,,,,19454.51,,,19358.67333
5282,838.56,1.71,646.89,1.69, ,,,,,,,19454.51,,,19358.67333
5292,838.56,1.71,646.89,1.69, ,,,,,,,19454.51,,,19358.67333
5302,838.56,1.71,646.89,1.69, ,,,,,,,19454.51,,,19358.67333
5312,838.56,1.71,646.89,1.69, ,,,,,,,19454.51,,,19358.67333
5322,790.64,1.7,694.8,1.7, ,,,,,,,19406.59,,,19406.58333
5332,790.64,1.7,646.89,1.69, ,,,,,,,19406.59,,,19358.67333
5342,838.56,1.71,646.89,1.69, ,,,,,,,19454.51,,,19358.67333
5352,838.56,1.71,646.89,1.69, ,,,,,,,19454.51,,,19358.67333
5362,838.56,1.71,646.89,1.69, ,,,,,,,19454.51,,,19358.67333
5372,790.64,1.7,646.89,1.69, ,,,,,,,19406.59,,,19358.67333
5382,790.64,1.7,646.89,1.69, ,,,,,,,19406.59,,,19358.67333
5392,838.56,1.71,646.89,1.69, ,,,,,,,19454.51,,,19358.67333
5402,838.56,1.71,646.89,1.69, ,,,,,,,19454.51,,,19358.67333
5412,838.56,1.71,646.89,1.69, ,,,,,,,19454.51,,,19358.67333
5422,790.64,1.7,646.89,1.69, ,,,,,,,19406.59,,,19358.67333
5432,838.56,1.71,646.89,1.69, ,,,,,,,19454.51,,,19358.67333
5442,838.56,1.71,694.8,1.7, ,,,,,,,19454.51,,,19406.58333
5452,790.64,1.7,646.89,1.69, ,,,,,,,19406.59,,,19358.67333
5462,838.56,1.71,646.89,1.69, ,,,,,,,19454.51,,,19358.67333
5472,790.64,1.7,646.89,1.69, ,,,,,,,19406.59,,,19358.67333
5482,838.56,1.71,646.89,1.69, ,,,,,,,19454.51,,,19358.67333
5492,838.56,1.71,646.89,1.69, ,,,,,,,19454.51,,,19358.67333
5502,838.56,1.71,646.89,1.69, ,,,,,,,19454.51,,,19358.67333
5512,838.56,1.71,646.89,1.69, ,,,,,,,19454.51,,,19358.67333
5522,838.56,1.71,694.8,1.7, ,,,,,,,19454.51,,,19406.58333
5532,838.56,1.71,694.8,1.7, ,,,,,,,19454.51,,,19406.58333
5542,838.56,1.71,646.89,1.69, ,,,,,,,19454.51,,,19358.67333
5552,838.56,1.71,646.89,1.69, ,,,,,,,19454.51,,,19358.67333
5562,838.56,1.71,694.8,1.7, ,,,,,,,19454.51,,,19406.58333
5572,838.56,1.71,646.89,1.69, ,,,,,,,19454.51,,,19358.67333
5582,838.56,1.71,646.89,1.69, ,,,,,,,19454.51,,,19358.67333
5592,838.56,1.71,694.8,1.7, ,,,,,,,19454.51,,,19406.58333
5602,838.56,1.71,694.8,1.7, ,,,,,,,19454.51,,,19406.58333
5612,838.56,1.71,646.89,1.69, ,,,,,,,19454.51,,,19358.67333
5622,838.56,1.71,646.89,1.69, ,,,,,,,19454.51,,,19358.67333
5632,838.56,1.71,694.8,1.7, ,,,,,,,19454.51,,,19406.58333
5642,838.56,1.71,646.89,1.69, ,,,,,,,19454.51,,,19358.67333
5652,838.56,1.71,646.89,1.69, ,,,,,,,19454.51,,,19358.67333
5662,838.56,1.71,742.72,1.7, ,,,,,,,19454.51,,,19454.50333
5672,838.56,1.71,646.89,1.69, ,,,,,,,19454.51,,,19358.67333
5682,838.56,1.71,694.8,1.7, ,,,,,,,19454.51,,,19406.58333
5692,838.56,1.71,694.8,1.7, ,,,,,,,19454.51,,,19406.58333
5702,838.56,1.71,694.8,1.7, ,,,,,,,19454.51,,,19406.58333
5712,838.56,1.71,742.72,1.7, ,,,,,,,19454.51,,,19454.50333
5722,838.56,1.71,646.89,1.69, ,,,,,,,19454.51,,,19358.67333
5732,838.56,1.71,694.8,1.7, ,,,,,,,19454.51,,,19406.58333
5742,838.56,1.71,646.89,1.69, ,,,,,,,19454.51,,,19358.67333
5752,790.64,1.7,694.8,1.7, ,,,,,,,19406.59,,,19406.58333
5762,838.56,1.71,694.8,1.7, ,,,,,,,19454.51,,,19406.58333
5772,838.56,1.71,694.8,1.7, ,,,,,,,19454.51,,,19406.58333
5782,838.56,1.71,646.89,1.69, ,,,,,,,19454.51,,,19358.67333
5792,838.56,1.71,694.8,1.7, ,,,,,,,19454.51,,,19406.58333
5802,838.56,1.71,694.8,1.7, ,,,,,,,19454.51,,,19406.58333
5812,790.64,1.7,694.8,1.7, ,,,,,,,19406.59,,,19406.58333
5822,838.56,1.71,646.89,1.69, ,,,,,,,19454.51,,,19358.67333
5832,886.47,1.71,694.8,1.7, ,,,,,,,19502.42,,,19406.58333
5842,838.56,1.71,646.89,1.69, ,,,,,,,19454.51,,,19358.67333
5852,838.56,1.71,694.8,1.7, ,,,,,,,19454.51,,,19406.58333
5862,790.64,1.7,646.89,1.69, ,,,,,,,19406.59,,,19358.67333
5872,838.56,1.71,742.72,1.7, ,,,,,,,19454.51,,,19454.50333
5882,838.56,1.71,646.89,1.69, ,,,,,,,19454.51,,,19358.67333
5892,838.56,1.71,694.8,1.7, ,,,,,,,19454.51,,,19406.58333
5902,838.56,1.71,694.8,1.7, ,,,,,,,19454.51,,,19406.58333
5912,838.56,1.71,646.89,1.69, ,,,,,,,19454.51,,,19358.67333
5922,838.56,1.71,694.8,1.7, ,,,,,,,19454.51,,,19406.58333
5932,838.56,1.71,646.89,1.69, ,,,,,,,19454.51,,,19358.67333
5942,838.56,1.71,646.89,1.69, ,,,,,,,19454.51,,,19358.67333
5952,838.56,1.71,646.89,1.69, ,,,,,,,19454.51,,,19358.67333
5962,838.56,1.71,646.89,1.69, ,,,,,,,19454.51,,,19358.67333
5972,838.56,1.71,694.8,1.7, ,,,,,,,19454.51,,,19406.58333
5982,838.56,1.71,646.89,1.69, ,,,,,,,19454.51,,,19358.67333
5992,838.56,1.71,694.8,1.7, ,,,,,,,19454.51,,,19406.58333
6002,838.56,1.71,646.89,1.69, ,,,,,,,19454.51,,,19358.67333
6012,838.56,1.71,694.8,1.7, ,,,,,,,19454.51,,,19406.58333
6022,838.56,1.71,694.8,1.7, ,,,,,,,19454.51,,,19406.58333
6032,838.56,1.71,694.8,1.7, ,,,,,,,19454.51,,,19406.58333
6042,838.56,1.71,646.89,1.69, ,,,,,,,19454.51,,,19358.67333
6052,838.56,1.71,694.8,1.7, ,,,,,,,19454.51,,,19406.58333
6062,838.56,1.71,646.89,1.69, ,,,,,,,19454.51,,,19358.67333
6072,838.56,1.71,646.89,1.69, ,,,,,,,19454.51,,,19358.67333
6082,838.56,1.71,694.8,1.7, ,,,,,,,19454.51,,,19406.58333
6092,838.56,1.71,694.8,1.7, ,,,,,,,19454.51,,,19406.58333
6102,838.56,1.71,694.8,1.7, ,,,,,,,19454.51,,,19406.58333
6112,838.56,1.71,646.89,1.69, ,,,,,,,19454.51,,,19358.67333
6122,886.47,1.71,646.89,1.69, ,,,,,,,19502.42,,,19358.67333
6132,838.56,1.71,790.64,1.7, ,,,,,,,19454.51,,,19502.42333
6142,838.56,1.71,646.89,1.69, ,,,,,,,19454.51,,,19358.67333
6152,790.64,1.7,646.89,1.69, ,,,,,,,19406.59,,,19358.67333
6162,838.56,1.71,694.8,1.7, ,,,,,,,19454.51,,,19406.58333
6172,838.56,1.71,694.8,1.7, ,,,,,,,19454.51,,,19406.58333
6182,838.56,1.71,646.89,1.69, ,,,,,,,19454.51,,,19358.67333
6192,838.56,1.71,646.89,1.69, ,,,,,,,19454.51,,,19358.67333
6202,790.64,1.7,646.89,1.69, ,,,,,,,19406.59,,,19358.67333
6212,838.56,1.71,694.8,1.7, ,,,,,,,19454.51,,,19406.58333
6222,838.56,1.71,694.8,1.7, ,,,,,,,19454.51,,,19406.58333
6232,838.56,1.71,694.8,1.7, ,,,,,,,19454.51,,,19406.58333
6242,838.56,1.71,694.8,1.7, ,,,,,,,19454.51,,,19406.58333
6252,838.56,1.71,694.8,1.7, ,,,,,,,19454.51,,,19406.58333
6262,838.56,1.71,694.8,1.7, ,,,,,,,19454.51,,,19406.58333
6272,838.56,1.71,694.8,1.7, ,,,,,,,19454.51,,,19406.58333
6282,838.56,1.71,694.8,1.7, ,,,,,,,19454.51,,,19406.58333
6292,838.56,1.71,646.89,1.69, ,,,,,,,19454.51,,,19358.67333
6302,838.56,1.71,694.8,1.7, ,,,,,,,19454.51,,,19406.58333
6312,838.56,1.71,694.8,1.7, ,,,,,,,19454.51,,,19406.58333
6322,838.56,1.71,694.8,1.7, ,,,,,,,19454.51,,,19406.58333
6332,838.56,1.71,646.89,1.69, ,,,,,,,19454.51,,,19358.67333
6342,838.56,1.71,694.8,1.7, ,,,,,,,19454.51,,,19406.58333
6352,838.56,1.71,694.8,1.7, ,,,,,,,19454.51,,,19406.58333
6362,838.56,1.71,694.8,1.7, ,,,,,,,19454.51,,,19406.58333
6372,838.56,1.71,694.8,1.7, ,,,,,,,19454.51,,,19406.58333
6382,838.56,1.71,694.8,1.7, ,,,,,,,19454.51,,,19406.58333
6392,838.56,1.71,790.64,1.7, ,,,,,,,19454.51,,,19502.42333
6402,838.56,1.71,646.89,1.69, ,,,,,,,19454.51,,,19358.67333
6412,838.56,1.71,646.89,1.69, ,,,,,,,19454.51,,,19358.67333
6422,838.56,1.71,646.89,1.69, ,,,,,,,19454.51,,,19358.67333
6432,886.47,1.71,694.8,1.7, ,,,,,,,19502.42,,,19406.58333
6442,838.56,1.71,694.8,1.7, ,,,,,,,19454.51,,,19406.58333
6452,838.56,1.71,646.89,1.69, ,,,,,,,19454.51,,,19358.67333
6462,838.56,1.71,646.89,1.69, ,,,,,,,19454.51,,,19358.67333
6472,838.56,1.71,790.64,1.7, ,,,,,,,19454.51,,,19502.42333
6482,838.56,1.71,694.8,1.7, ,,,,,,,19454.51,,,19406.58333
6492,838.56,1.71,694.8,1.7, ,,,,,,,19454.51,,,19406.58333
6502,838.56,1.71,694.8,1.7, ,,,,,,,19454.51,,,19406.58333
6512,886.47,1.71,694.8,1.7, ,,,,,,,19502.42,,,19406.58333
6522,838.56,1.71,694.8,1.7, ,,,,,,,19454.51,,,19406.58333
6532,838.56,1.71,694.8,1.7, ,,,,,,,19454.51,,,19406.58333
6542,838.56,1.71,646.89,1.69, ,,,,,,,19454.51,,,19358.67333
6552,838.56,1.71,790.64,1.7, ,,,,,,,19454.51,,,19502.42333
6562,838.56,1.71,646.89,1.69, ,,,,,,,19454.51,,,19358.67333
6572,838.56,1.71,694.8,1.7, ,,,,,,,19454.51,,,19406.58333
6582,790.64,1.7,646.89,1.69, ,,,,,,,19406.59,,,19358.67333
6592,838.56,1.71,694.8,1.7, ,,,,,,,19454.51,,,19406.58333
6602,838.56,1.71,694.8,1.7, ,,,,,,,19454.51,,,19406.58333
6612,838.56,1.71,646.89,1.69, ,,,,,,,19454.51,,,19358.67333
6622,838.56,1.71,646.89,1.69, ,,,,,,,19454.51,,,19358.67333
6632,838.56,1.71,646.89,1.69, ,,,,,,,19454.51,,,19358.67333
6642,838.56,1.71,694.8,1.7, ,,,,,,,19454.51,,,19406.58333
6652,838.56,1.71,646.89,1.69, ,,,,,,,19454.51,,,19358.67333
6662,838.56,1.71,694.8,1.7, ,,,,,,,19454.51,,,19406.58333
6672,838.56,1.71,646.89,1.69, ,,,,,,,19454.51,,,19358.67333
6682,838.56,1.71,694.8,1.7, ,,,,,,,19454.51,,,19406.58333
6692,838.56,1.71,646.89,1.69, ,,,,,,,19454.51,,,19358.67333
6702,838.56,1.71,646.89,1.69, ,,,,,,,19454.51,,,19358.67333
6712,838.56,1.71,694.8,1.7, ,,,,,,,19454.51,,,19406.58333
6722,838.56,1.71,646.89,1.69, ,,,,,,,19454.51,,,19358.67333
6732,838.56,1.71,646.89,1.69, ,,,,,,,19454.51,,,19358.67333
6742,838.56,1.71,694.8,1.7, ,,,,,,,19454.51,,,19406.58333
6752,838.56,1.71,646.89,1.69, ,,,,,,,19454.51,,,19358.67333
6762,838.56,1.71,646.89,1.69, ,,,,,,,19454.51,,,19358.67333
6772,790.64,1.7,646.89,1.69, ,,,,,,,19406.59,,,19358.67333
6782,838.56,1.71,694.8,1.7, ,,,,,,,19454.51,,,19406.58333
6792,838.56,1.71,646.89,1.69, ,,,,,,,19454.51,,,19358.67333
6802,838.56,1.71,646.89,1.69, ,,,,,,,19454.51,,,19358.67333
6812,838.56,1.71,646.89,1.69, ,,,,,,,19454.51,,,19358.67333
6822,838.56,1.71,646.89,1.69, ,,,,,,,19454.51,,,19358.67333
6832,790.64,1.7,646.89,1.69, ,,,,,,,19406.59,,,19358.67333
6842,838.56,1.71,694.8,1.7, ,,,,,,,19454.51,,,19406.58333
6852,790.64,1.7,694.8,1.7, ,,,,,,,19406.59,,,19406.58333
6862,838.56,1.71,646.89,1.69, ,,,,,,,19454.51,,,19358.67333
6872,838.56,1.71,694.8,1.7, ,,,,,,,19454.51,,,19406.58333
6882,838.56,1.71,646.89,1.69, ,,,,,,,19454.51,,,19358.67333
6892,838.56,1.71,694.8,1.7, ,,,,,,,19454.51,,,19406.58333
6902,838.56,1.71,646.89,1.69, ,,,,,,,19454.51,,,19358.67333
6912,838.56,1.71,646.89,1.69, ,,,,,,,19454.51,,,19358.67333
6922,838.56,1.71,646.89,1.69, ,,,,,,,19454.51,,,19358.67333
6932,838.56,1.71,694.8,1.7, ,,,,,,,19454.51,,,19406.58333
6942,838.56,1.71,646.89,1.69, ,,,,,,,19454.51,,,19358.67333
6952,838.56,1.71,646.89,1.69, ,,,,,,,19454.51,,,19358.67333
6962,838.56,1.71,694.8,1.7, ,,,,,,,19454.51,,,19406.58333
6972,838.56,1.71,694.8,1.7, ,,,,,,,19454.51,,,19406.58333
6982,838.56,1.71,646.89,1.69, ,,,,,,,19454.51,,,19358.67333
6992,838.56,1.71,694.8,1.7, ,,,,,,,19454.51,,,19406.58333
7002,838.56,1.71,646.89,1.69, ,,,,,,,19454.51,,,19358.67333
7012,838.56,1.71,694.8,1.7, ,,,,,,,19454.51,,,19406.58333
7022,838.56,1.71,694.8,1.7, ,,,,,,,19454.51,,,19406.58333
7032,838.56,1.71,646.89,1.69, ,,,,,,,19454.51,,,19358.67333
7042,838.56,1.71,646.89,1.69, ,,,,,,,19454.51,,,19358.67333
7052,838.56,1.71,646.89,1.69, ,,,,,,,19454.51,,,19358.67333
7062,790.64,1.7,646.89,1.69, ,,,,,,,19406.59,,,19358.67333
7072,838.56,1.71,790.64,1.7, ,,,,,,,19454.51,,,19502.42333
7082,838.56,1.71,694.8,1.7, ,,,,,,,19454.51,,,19406.58333
7092,838.56,1.71,646.89,1.69, ,,,,,,,19454.51,,,19358.67333
7102,838.56,1.71,790.64,1.7, ,,,,,,,19454.51,,,19502.42333
7112,838.56,1.71,694.8,1.7, ,,,,,,,19454.51,,,19406.58333
7122,838.56,1.71,694.8,1.7, ,,,,,,,19454.51,,,19406.58333
7132,838.56,1.71,646.89,1.69, ,,,,,,,19454.51,,,19358.67333
7142,790.64,1.7,694.8,1.7, ,,,,,,,19406.59,,,19406.58333
7152,838.56,1.71,694.8,1.7, ,,,,,,,19454.51,,,19406.58333
7162,838.56,1.71,694.8,1.7, ,,,,,,,19454.51,,,19406.58333
7172,838.56,1.71,646.89,1.69, ,,,,,,,19454.51,,,19358.67333
7182,838.56,1.71,790.64,1.7, ,,,,,,,19454.51,,,19502.42333
7192,838.56,1.71,646.89,1.69, ,,,,,,,19454.51,,,19358.67333
7202,838.56,1.71,646.89,1.69, ,,,,,,,19454.51,,,19358.67333
7212,838.56,1.71,790.64,1.7, ,,,,,,,19454.51,,,19502.42333
7222,838.56,1.71,646.89,1.69, ,,,,,,,19454.51,,,19358.67333
7232,838.56,1.71,646.89,1.69, ,,,,,,,19454.51,,,19358.67333
7242,838.56,1.71,646.89,1.69, ,,,,,,,19454.51,,,19358.67333
7252,790.64,1.7,646.89,1.69, ,,,,,,,19406.59,,,19358.67333
7262,838.56,1.71,646.89,1.69, ,,,,,,,19454.51,,,19358.67333
7272,838.56,1.71,646.89,1.69, ,,,,,,,19454.51,,,19358.67333
7282,838.56,1.71,646.89,1.69, ,,,,,,,19454.51,,,19358.67333
7292,838.56,1.71,646.89,1.69, ,,,,,,,19454.51,,,19358.67333
7302,838.56,1.71,646.89,1.69, ,,,,,,,19454.51,,,19358.67333
7312,838.56,1.71,646.89,1.69, ,,,,,,,19454.51,,,19358.67333
7322,838.56,1.71,646.89,1.69, ,,,,,,,19454.51,,,19358.67333
7332,790.64,1.7,694.8,1.7, ,,,,,,,19406.59,,,19406.58333
7342,838.56,1.71,646.89,1.69, ,,,,,,,19454.51,,,19358.67333
7352,838.56,1.71,646.89,1.69, ,,,,,,,19454.51,,,19358.67333
7362,838.56,1.71,646.89,1.69, ,,,,,,,19454.51,,,19358.67333
7372,886.47,1.71,646.89,1.69, ,,,,,,,19502.42,,,19358.67333
7382,838.56,1.71,646.89,1.69, ,,,,,,,19454.51,,,19358.67333
7392,838.56,1.71,646.89,1.69, ,,,,,,,19454.51,,,19358.67333
7402,838.56,1.71,646.89,1.69, ,,,,,,,19454.51,,,19358.67333
7412,838.56,1.71,694.8,1.7, ,,,,,,,19454.51,,,19406.58333
7422,838.56,1.71,646.89,1.69, ,,,,,,,19454.51,,,19358.67333
7432,838.56,1.71,646.89,1.69, ,,,,,,,19454.51,,,19358.67333
7442,838.56,1.71,694.8,1.7, ,,,,,,,19454.51,,,19406.58333
7452,838.56,1.71,646.89,1.69, ,,,,,,,19454.51,,,19358.67333
7462,886.47,1.71,646.89,1.69, ,,,,,,,19502.42,,,19358.67333
7472,838.56,1.71,646.89,1.69, ,,,,,,,19454.51,,,19358.67333
7482,838.56,1.71,694.8,1.7, ,,,,,,,19454.51,,,19406.58333
7492,790.64,1.7,646.89,1.69, ,,,,,,,19406.59,,,19358.67333
7502,838.56,1.71,694.8,1.7, ,,,,,,,19454.51,,,19406.58333
7512,838.56,1.71,646.89,1.69, ,,,,,,,19454.51,,,19358.67333
7522,838.56,1.71,646.89,1.69, ,,,,,,,19454.51,,,19358.67333
7532,838.56,1.71,646.89,1.69, ,,,,,,,19454.51,,,19358.67333
7542,838.56,1.71,694.8,1.7, ,,,,,,,19454.51,,,19406.58333
7552,790.64,1.7,646.89,1.69, ,,,,,,,19406.59,,,19358.67333
7562,838.56,1.71,742.72,1.7, ,,,,,,,19454.51,,,19454.50333
7572,838.56,1.71,646.89,1.69, ,,,,,,,19454.51,,,19358.67333
7582,838.56,1.71,694.8,1.7, ,,,,,,,19454.51,,,19406.58333
7592,838.56,1.71,646.89,1.69, ,,,,,,,19454.51,,,19358.67333
7602,838.56,1.71,694.8,1.7, ,,,,,,,19454.51,,,19406.58333
7612,838.56,1.71,838.56,1.71, ,,,,,,,19454.51,,,19550.34333
7622,838.56,1.71,646.89,1.69, ,,,,,,,19454.51,,,19358.67333
7632,838.56,1.71,694.8,1.7, ,,,,,,,19454.51,,,19406.58333
7642,838.56,1.71,646.89,1.69, ,,,,,,,19454.51,,,19358.67333
7652,838.56,1.71,646.89,1.69, ,,,,,,,19454.51,,,19358.67333
7662,838.56,1.71,646.89,1.69, ,,,,,,,19454.51,,,19358.67333
7672,838.56,1.71,646.89,1.69, ,,,,,,,19454.51,,,19358.67333
7682,838.56,1.71,694.8,1.7, ,,,,,,,19454.51,,,19406.58333
7692,838.56,1.71,694.8,1.7, ,,,,,,,19454.51,,,19406.58333
7702,838.56,1.71,694.8,1.7, ,,,,,,,19454.51,,,19406.58333
7712,838.56,1.71,694.8,1.7, ,,,,,,,19454.51,,,19406.58333
7722,838.56,1.71,742.72,1.7, ,,,,,,,19454.51,,,19454.50333
7732,838.56,1.71,694.8,1.7, ,,,,,,,19454.51,,,19406.58333
7742,838.56,1.71,646.89,1.69, ,,,,,,,19454.51,,,19358.67333
7752,838.56,1.71,646.89,1.69, ,,,,,,,19454.51,,,19358.67333
7762,790.64,1.7,694.8,1.7, ,,,,,,,19406.59,,,19406.58333
7772,838.56,1.71,694.8,1.7, ,,,,,,,19454.51,,,19406.58333
7782,838.56,1.71,646.89,1.69, ,,,,,,,19454.51,,,19358.67333
7792,838.56,1.71,646.89,1.69, ,,,,,,,19454.51,,,19358.67333
7802,838.56,1.71,694.8,1.7, ,,,,,,,19454.51,,,19406.58333
7812,838.56,1.71,694.8,1.7, ,,,,,,,19454.51,,,19406.58333
7822,838.56,1.71,694.8,1.7, ,,,,,,,19454.51,,,19406.58333
7832,838.56,1.71,694.8,1.7, ,,,,,,,19454.51,,,19406.58333
7842,838.56,1.71,646.89,1.69, ,,,,,,,19454.51,,,19358.67333
7852,838.56,1.71,646.89,1.69, ,,,,,,,19454.51,,,19358.67333
7862,838.56,1.71,646.89,1.69, ,,,,,,,19454.51,,,19358.67333
7872,886.47,1.71,694.8,1.7, ,,,,,,,19502.42,,,19406.58333
7882,838.56,1.71,694.8,1.7, ,,,,,,,19454.51,,,19406.58333
7892,838.56,1.71,646.89,1.69, ,,,,,,,19454.51,,,19358.67333
7902,838.56,1.71,694.8,1.7, ,,,,,,,19454.51,,,19406.58333
7912,838.56,1.71,694.8,1.7, ,,,,,,,19454.51,,,19406.58333
7922,838.56,1.71,694.8,1.7, ,,,,,,,19454.51,,,19406.58333
7932,838.56,1.71,646.89,1.69, ,,,,,,,19454.51,,,19358.67333
7942,838.56,1.71,694.8,1.7, ,,,,,,,19454.51,,,19406.58333
7952,838.56,1.71,694.8,1.7, ,,,,,,,19454.51,,,19406.58333
7962,838.56,1.71,646.89,1.69, ,,,,,,,19454.51,,,19358.67333
7972,838.56,1.71,790.64,1.7, ,,,,,,,19454.51,,,19502.42333
7982,886.47,1.71,646.89,1.69, ,,,,,,,19502.42,,,19358.67333
7992,838.56,1.71,694.8,1.7, ,,,,,,,19454.51,,,19406.58333
8002,838.56,1.71,694.8,1.7, ,,,,,,,19454.51,,,19406.58333
8012,838.56,1.71,646.89,1.69, ,,,,,,,19454.51,,,19358.67333
8022,838.56,1.71,646.89,1.69, ,,,,,,,19454.51,,,19358.67333
8032,838.56,1.71,646.89,1.69, ,,,,,,,19454.51,,,19358.67333
8042,838.56,1.71,646.89,1.69, ,,,,,,,19454.51,,,19358.67333
8052,838.56,1.71,694.8,1.7, ,,,,,,,19454.51,,,19406.58333
8062,838.56,1.71,694.8,1.7, ,,,,,,,19454.51,,,19406.58333
8072,838.56,1.71,646.89,1.69, ,,,,,,,19454.51,,,19358.67333
8082,838.56,1.71,694.8,1.7, ,,,,,,,19454.51,,,19406.58333
8092,838.56,1.71,646.89,1.69, ,,,,,,,19454.51,,,19358.67333
8102,838.56,1.71,694.8,1.7, ,,,,,,,19454.51,,,19406.58333
8112,838.56,1.71,646.89,1.69, ,,,,,,,19454.51,,,19358.67333
8122,886.47,1.71,646.89,1.69, ,,,,,,,19502.42,,,19358.67333
8132,838.56,1.71,694.8,1.7, ,,,,,,,19454.51,,,19406.58333
8142,838.56,1.71,646.89,1.69, ,,,,,,,19454.51,,,19358.67333
8152,790.64,1.7,646.89,1.69, ,,,,,,,19406.59,,,19358.67333
8162,838.56,1.71,694.8,1.7, ,,,,,,,19454.51,,,19406.58333
8172,838.56,1.71,646.89,1.69, ,,,,,,,19454.51,,,19358.67333
8182,838.56,1.71,646.89,1.69, ,,,,,,,19454.51,,,19358.67333
8192,838.56,1.71,646.89,1.69, ,,,,,,,19454.51,,,19358.67333
8202,838.56,1.71,694.8,1.7, ,,,,,,,19454.51,,,19406.58333
8212,838.56,1.71,694.8,1.7, ,,,,,,,19454.51,,,19406.58333
8222,838.56,1.71,646.89,1.69, ,,,,,,,19454.51,,,19358.67333
8232,838.56,1.71,646.89,1.69, ,,,,,,,19454.51,,,19358.67333
8242,838.56,1.71,646.89,1.69, ,,,,,,,19454.51,,,19358.67333
8252,838.56,1.71,694.8,1.7, ,,,,,,,19454.51,,,19406.58333
8262,838.56,1.71,646.89,1.69, ,,,,,,,19454.51,,,19358.67333
8272,838.56,1.71,646.89,1.69, ,,,,,,,19454.51,,,19358.67333
8282,838.56,1.71,646.89,1.69, ,,,,,,,19454.51,,,19358.67333
8292,838.56,1.71,646.89,1.69, ,,,,,,,19454.51,,,19358.67333
8302,838.56,1.71,646.89,1.69, ,,,,,,,19454.51,,,19358.67333
8312,838.56,1.71,646.89,1.69, ,,,,,,,19454.51,,,19358.67333
8322,838.56,1.71,646.89,1.69, ,,,,,,,19454.51,,,19358.67333
8332,838.56,1.71,694.8,1.7, ,,,,,,,19454.51,,,19406.58333
8342,838.56,1.71,646.89,1.69, ,,,,,,,19454.51,,,19358.67333
8352,838.56,1.71,646.89,1.69, ,,,,,,,19454.51,,,19358.67333
8362,838.56,1.71,694.8,1.7, ,,,,,,,19454.51,,,19406.58333
8372,838.56,1.71,694.8,1.7, ,,,,,,,19454.51,,,19406.58333
8382,838.56,1.71,694.8,1.7, ,,,,,,,19454.51,,,19406.58333
8392,838.56,1.71,646.89,1.69, ,,,,,,,19454.51,,,19358.67333
8402,838.56,1.71,646.89,1.69, ,,,,,,,19454.51,,,19358.67333
8412,838.56,1.71,646.89,1.69, ,,,,,,,19454.51,,,19358.67333
8422,838.56,1.71,646.89,1.69, ,,,,,,,19454.51,,,19358.67333
8432,838.56,1.71,646.89,1.69, ,,,,,,,19454.51,,,19358.67333
8442,838.56,1.71,694.8,1.7, ,,,,,,,19454.51,,,19406.58333
8452,838.56,1.71,646.89,1.69, ,,,,,,,19454.51,,,19358.67333
8462,838.56,1.71,646.89,1.69, ,,,,,,,19454.51,,,19358.67333
8472,790.64,1.7,646.89,1.69, ,,,,,,,19406.59,,,19358.67333
8482,838.56,1.71,646.89,1.69, ,,,,,,,19454.51,,,19358.67333
8492,838.56,1.71,646.89,1.69, ,,,,,,,19454.51,,,19358.67333
8502,838.56,1.71,694.8,1.7, ,,,,,,,19454.51,,,19406.58333
8512,838.56,1.71,646.89,1.69, ,,,,,,,19454.51,,,19358.67333
8522,838.56,1.71,646.89,1.69, ,,,,,,,19454.51,,,19358.67333
8532,838.56,1.71,694.8,1.7, ,,,,,,,19454.51,,,19406.58333
8542,838.56,1.71,646.89,1.69, ,,,,,,,19454.51,,,19358.67333
8552,838.56,1.71,646.89,1.69, ,,,,,,,19454.51,,,19358.67333
8562,838.56,1.71,646.89,1.69, ,,,,,,,19454.51,,,19358.67333
8572,838.56,1.71,646.89,1.69, ,,,,,,,19454.51,,,19358.67333
8582,838.56,1.71,694.8,1.7, ,,,,,,,19454.51,,,19406.58333
8592,838.56,1.71,694.8,1.7, ,,,,,,,19454.51,,,19406.58333
8602,838.56,1.71,646.89,1.69, ,,,,,,,19454.51,,,19358.67333
8612,838.56,1.71,742.72,1.7, ,,,,,,,19454.51,,,19454.50333
8622,838.56,1.71,694.8,1.7, ,,,,,,,19454.51,,,19406.58333
8632,838.56,1.71,694.8,1.7, ,,,,,,,19454.51,,,19406.58333
8642,838.56,1.71,646.89,1.69, ,,,,,,,19454.51,,,19358.67333
8652,838.56,1.71,646.89,1.69, ,,,,,,,19454.51,,,19358.67333
8662,838.56,1.71,694.8,1.7, ,,,,,,,19454.51,,,19406.58333
8672,838.56,1.71,694.8,1.7, ,,,,,,,19454.51,,,19406.58333
8682,838.56,1.71,694.8,1.7, ,,,,,,,19454.51,,,19406.58333
8692,790.64,1.7,646.89,1.69, ,,,,,,,19406.59,,,19358.67333
8702,886.47,1.71,694.8,1.7, ,,,,,,,19502.42,,,19406.58333
8712,838.56,1.71,646.89,1.69, ,,,,,,,19454.51,,,19358.67333
8722,838.56,1.71,694.8,1.7, ,,,,,,,19454.51,,,19406.58333
8732,838.56,1.71,694.8,1.7, ,,,,,,,19454.51,,,19406.58333
8742,838.56,1.71,646.89,1.69, ,,,,,,,19454.51,,,19358.67333
8752,838.56,1.71,646.89,1.69, ,,,,,,,19454.51,,,19358.67333
8762,838.56,1.71,646.89,1.69, ,,,,,,,19454.51,,,19358.67333
8772,838.56,1.71,694.8,1.7, ,,,,,,,19454.51,,,19406.58333
8782,838.56,1.71,646.89,1.69, ,,,,,,,19454.51,,,19358.67333
8792,838.56,1.71,646.89,1.69, ,,,,,,,19454.51,,,19358.67333
8802,838.56,1.71,646.89,1.69, ,,,,,,,19454.51,,,19358.67333
8812,838.56,1.71,646.89,1.69, ,,,,,,,19454.51,,,19358.67333
8822,838.56,1.71,646.89,1.69, ,,,,,,,19454.51,,,19358.67333
8832,838.56,1.71,646.89,1.69, ,,,,,,,19454.51,,,19358.67333
8842,838.56,1.71,646.89,1.69, ,,,,,,,19454.51,,,19358.67333
8852,886.47,1.71,646.89,1.69, ,,,,,,,19502.42,,,19358.67333
8862,838.56,1.71,646.89,1.69, ,,,,,,,19454.51,,,19358.67333
8872,838.56,1.71,694.8,1.7, ,,,,,,,19454.51,,,19406.58333
8882,838.56,1.71,646.89,1.69, ,,,,,,,19454.51,,,19358.67333
8892,838.56,1.71,694.8,1.7, ,,,,,,,19454.51,,,19406.58333
8902,838.56,1.71,646.89,1.69, ,,,,,,,19454.51,,,19358.67333
8912,838.56,1.71,694.8,1.7, ,,,,,,,19454.51,,,19406.58333
8922,790.64,1.7,694.8,1.7, ,,,,,,,19406.59,,,19406.58333
8932,838.56,1.71,646.89,1.69, ,,,,,,,19454.51,,,19358.67333
8942,838.56,1.71,742.72,1.7, ,,,,,,,19454.51,,,19454.50333
8952,838.56,1.71,694.8,1.7, ,,,,,,,19454.51,,,19406.58333
8962,838.56,1.71,646.89,1.69, ,,,,,,,19454.51,,,19358.67333
8972,838.56,1.71,694.8,1.7, ,,,,,,,19454.51,,,19406.58333
8982,838.56,1.71,646.89,1.69, ,,,,,,,19454.51,,,19358.67333
8992,838.56,1.71,694.8,1.7, ,,,,,,,19454.51,,,19406.58333
9002,838.56,1.71,694.8,1.7, ,,,,,,,19454.51,,,19406.58333
9012,838.56,1.71,694.8,1.7, ,,,,,,,19454.51,,,19406.58333
9022,838.56,1.71,694.8,1.7, ,,,,,,,19454.51,,,19406.58333
9032,838.56,1.71,646.89,1.69, ,,,,,,,19454.51,,,19358.67333
9042,838.56,1.71,694.8,1.7, ,,,,,,,19454.51,,,19406.58333
9052,838.56,1.71,694.8,1.7, ,,,,,,,19454.51,,,19406.58333
9062,838.56,1.71,646.89,1.69, ,,,,,,,19454.51,,,19358.67333
9072,838.56,1.71,646.89,1.69, ,,,,,,,19454.51,,,19358.67333
9082,838.56,1.71,694.8,1.7, ,,,,,,,19454.51,,,19406.58333
9092,838.56,1.71,694.8,1.7, ,,,,,,,19454.51,,,19406.58333
9102,886.47,1.71,646.89,1.69, ,,,,,,,19502.42,,,19358.67333
9112,838.56,1.71,646.89,1.69, ,,,,,,,19454.51,,,19358.67333
9122,838.56,1.71,694.8,1.7, ,,,,,,,19454.51,,,19406.58333
9132,838.56,1.71,646.89,1.69, ,,,,,,,19454.51,,,19358.67333
9142,838.56,1.71,646.89,1.69, ,,,,,,,19454.51,,,19358.67333
9152,838.56,1.71,646.89,1.69, ,,,,,,,19454.51,,,19358.67333
9162,838.56,1.71,742.72,1.7, ,,,,,,,19454.51,,,19454.50333
9172,838.56,1.71,694.8,1.7, ,,,,,,,19454.51,,,19406.58333
9182,838.56,1.71,694.8,1.7, ,,,,,,,19454.51,,,19406.58333
9192,838.56,1.71,694.8,1.7, ,,,,,,,19454.51,,,19406.58333
9202,790.64,1.7,646.89,1.69, ,,,,,,,19406.59,,,19358.67333
9212,838.56,1.71,838.56,1.71, ,,,,,,,19454.51,,,19550.34333
9222,838.56,1.71,646.89,1.69, ,,,,,,,19454.51,,,19358.67333
9232,838.56,1.71,646.89,1.69, ,,,,,,,19454.51,,,19358.67333
9242,838.56,1.71,694.8,1.7, ,,,,,,,19454.51,,,19406.58333
9252,838.56,1.71,694.8,1.7, ,,,,,,,19454.51,,,19406.58333
9262,838.56,1.71,694.8,1.7, ,,,,,,,19454.51,,,19406.58333
9272,790.64,1.7,646.89,1.69, ,,,,,,,19406.59,,,19358.67333
9282,838.56,1.71,694.8,1.7, ,,,,,,,19454.51,,,19406.58333
9292,838.56,1.71,646.89,1.69, ,,,,,,,19454.51,,,19358.67333
9302,838.56,1.71,694.8,1.7, ,,,,,,,19454.51,,,19406.58333
9312,838.56,1.71,694.8,1.7, ,,,,,,,19454.51,,,19406.58333
9322,838.56,1.71,694.8,1.7, ,,,,,,,19454.51,,,19406.58333
9332,838.56,1.71,646.89,1.69, ,,,,,,,19454.51,,,19358.67333
9342,838.56,1.71,694.8,1.7, ,,,,,,,19454.51,,,19406.58333
9352,838.56,1.71,694.8,1.7, ,,,,,,,19454.51,,,19406.58333
9362,886.47,1.71,694.8,1.7, ,,,,,,,19502.42,,,19406.58333
9372,838.56,1.71,694.8,1.7, ,,,,,,,19454.51,,,19406.58333
9382,838.56,1.71,646.89,1.69, ,,,,,,,19454.51,,,19358.67333
9392,838.56,1.71,646.89,1.69, ,,,,,,,19454.51,,,19358.67333
9402,838.56,1.71,646.89,1.69, ,,,,,,,19454.51,,,19358.67333
9412,838.56,1.71,646.89,1.69, ,,,,,,,19454.51,,,19358.67333
9422,838.56,1.71,646.89,1.69, ,,,,,,,19454.51,,,19358.67333
9432,838.56,1.71,646.89,1.69, ,,,,,,,19454.51,,,19358.67333
9442,838.56,1.71,646.89,1.69, ,,,,,,,19454.51,,,19358.67333
9452,838.56,1.71,694.8,1.7, ,,,,,,,19454.51,,,19406.58333
9462,838.56,1.71,694.8,1.7, ,,,,,,,19454.51,,,19406.58333
9472,838.56,1.71,646.89,1.69, ,,,,,,,19454.51,,,19358.67333
9482,790.64,1.7,694.8,1.7, ,,,,,,,19406.59,,,19406.58333
9492,838.56,1.71,646.89,1.69, ,,,,,,,19454.51,,,19358.67333
9502,838.56,1.71,646.89,1.69, ,,,,,,,19454.51,,,19358.67333
9512,838.56,1.71,694.8,1.7, ,,,,,,,19454.51,,,19406.58333
9522,838.56,1.71,646.89,1.69, ,,,,,,,19454.51,,,19358.67333
9532,838.56,1.71,646.89,1.69, ,,,,,,,19454.51,,,19358.67333
9542,838.56,1.71,646.89,1.69, ,,,,,,,19454.51,,,19358.67333
9552,838.56,1.71,742.72,1.7, ,,,,,,,19454.51,,,19454.50333
9562,838.56,1.71,646.89,1.69, ,,,,,,,19454.51,,,19358.67333
9572,838.56,1.71,694.8,1.7, ,,,,,,,19454.51,,,19406.58333
9582,838.56,1.71,694.8,1.7, ,,,,,,,19454.51,,,19406.58333
9592,838.56,1.71,646.89,1.69, ,,,,,,,19454.51,,,19358.67333
9602,838.56,1.71,646.89,1.69, ,,,,,,,19454.51,,,19358.67333
9612,838.56,1.71,646.89,1.69, ,,,,,,,19454.51,,,19358.67333
9622,838.56,1.71,694.8,1.7, ,,,,,,,19454.51,,,19406.58333
9632,790.64,1.7,646.89,1.69, ,,,,,,,19406.59,,,19358.67333
9642,838.56,1.71,694.8,1.7, ,,,,,,,19454.51,,,19406.58333
9652,838.56,1.71,646.89,1.69, ,,,,,,,19454.51,,,19358.67333
9662,838.56,1.71,646.89,1.69, ,,,,,,,19454.51,,,19358.67333
9672,838.56,1.71,694.8,1.7, ,,,,,,,19454.51,,,19406.58333
9682,838.56,1.71,646.89,1.69, ,,,,,,,19454.51,,,19358.67333
9692,838.56,1.71,646.89,1.69, ,,,,,,,19454.51,,,19358.67333
9702,838.56,1.71,646.89,1.69, ,,,,,,,19454.51,,,19358.67333
9712,838.56,1.71,694.8,1.7, ,,,,,,,19454.51,,,19406.58333
9722,838.56,1.71,646.89,1.69, ,,,,,,,19454.51,,,19358.67333
9732,838.56,1.71,694.8,1.7, ,,,,,,,19454.51,,,19406.58333
9742,838.56,1.71,646.89,1.69, ,,,,,,,19454.51,,,19358.67333
9752,838.56,1.71,790.64,1.7, ,,,,,,,19454.51,,,19502.42333
9762,838.56,1.71,646.89,1.69, ,,,,,,,19454.51,,,19358.67333
9772,838.56,1.71,694.8,1.7, ,,,,,,,19454.51,,,19406.58333
9782,790.64,1.7,694.8,1.7, ,,,,,,,19406.59,,,19406.58333
9792,790.64,1.7,646.89,1.69, ,,,,,,,19406.59,,,19358.67333
9802,838.56,1.71,694.8,1.7, ,,,,,,,19454.51,,,19406.58333
9812,838.56,1.71,646.89,1.69, ,,,,,,,19454.51,,,19358.67333
9822,838.56,1.71,694.8,1.7, ,,,,,,,19454.51,,,19406.58333
9832,838.56,1.71,694.8,1.7, ,,,,,,,19454.51,,,19406.58333
9842,838.56,1.71,646.89,1.69, ,,,,,,,19454.51,,,19358.67333
9852,838.56,1.71,646.89,1.69, ,,,,,,,19454.51,,,19358.67333
9862,838.56,1.71,646.89,1.69, ,,,,,,,19454.51,,,19358.67333
9872,838.56,1.71,694.8,1.7, ,,,,,,,19454.51,,,19406.58333
9882,838.56,1.71,646.89,1.69, ,,,,,,,19454.51,,,19358.67333
9892,838.56,1.71,694.8,1.7, ,,,,,,,19454.51,,,19406.58333
9902,838.56,1.71,694.8,1.7, ,,,,,,,19454.51,,,19406.58333
9912,838.56,1.71,646.89,1.69, ,,,,,,,19454.51,,,19358.67333
9922,838.56,1.71,694.8,1.7, ,,,,,,,19454.51,,,19406.58333
9932,838.56,1.71,694.8,1.7, ,,,,,,,19454.51,,,19406.58333
9942,838.56,1.71,694.8,1.7, ,,,,,,,19454.51,,,19406.58333
9952,790.64,1.7,694.8,1.7, ,,,,,,,19406.59,,,19406.58333
9962,838.56,1.71,694.8,1.7, ,,,,,,,19454.51,,,19406.58333
9972,838.56,1.71,694.8,1.7, ,,,,,,,19454.51,,,19406.58333
9982,838.56,1.71,646.89,1.69, ,,,,,,,19454.51,,,19358.67333
9992,838.56,1.71,694.8,1.7, ,,,,,,,19454.51,,,19406.58333
10002,838.56,1.71,646.89,1.69, ,,,,,,,19454.51,,,19358.67333
10012,838.56,1.71,646.89,1.69, ,,,,,,,19454.51,,,19358.67333
10022,838.56,1.71,646.89,1.69, ,,,,,,,19454.51,,,19358.67333
10032,838.56,1.71,694.8,1.7, ,,,,,,,19454.51,,,19406.58333
10042,838.56,1.71,646.89,1.69, ,,,,,,,19454.51,,,19358.67333
10052,838.56,1.71,646.89,1.69, ,,,,,,,19454.51,,,19358.67333
10062,838.56,1.71,646.89,1.69, ,,,,,,,19454.51,,,19358.67333
10072,790.64,1.7,646.89,1.69, ,,,,,,,19406.59,,,19358.67333
