0.057196,-0.0033834,-1.6888e-06
0.11439,-0.0067635,-3.3758e-06
0.17164,0.03429,1.7134e-05
0.22889,0.11058,5.5249e-05
0.28613,0.21497,0.0001074
0.34333,0.34216,0.00017088
0.40048,0.48823,0.00024373
0.45755,0.65039,0.00032451
0.51455,0.82665,0.00041219
0.57146,1.0156,0.00050606
0.62829,1.2162,0.00060562
0.68503,1.4279,0.00071052
0.74168,1.6503,0.00082055
0.79824,1.883,0.00093557
0.8547,2.126,0.0010555
0.91106,2.3792,0.0011803
0.96732,2.6426,0.00131
1.0235,2.9164,0.0014446
1.0795,3.2006,0.0015841
1.1354,3.4955,0.0017286
1.1911,3.8011,0.0018782
1.2467,4.1178,0.002033
1.3022,4.4457,0.002193
1.3575,4.785,0.0023582
1.4126,5.1359,0.0025289
1.4675,5.4988,0.0027051
1.5223,5.8739,0.0028869
1.5768,6.2614,0.0030744
1.6311,6.6616,0.0032677
1.6852,7.0747,0.0034669
1.739,7.5011,0.0036722
1.7926,7.9409,0.0038836
1.8459,8.3946,0.0041012
1.8989,8.8623,0.0043253
1.9517,9.3443,0.004556
2.0041,9.8409,0.0047933
2.0563,10.352,0.0050375
2.1081,10.879,0.0052887
2.1596,11.421,0.0055471
2.2108,11.979,0.0058129
2.2616,12.553,0.0060862
2.312,13.143,0.0063674
2.3621,13.75,0.0066565
2.4118,14.374,0.006954
2.4611,15.015,0.0072599
2.5101,15.673,0.0075747
2.5586,16.349,0.0078986
2.6067,17.042,0.008232
2.6544,17.754,0.0085753
2.7017,18.485,0.0089287
2.7485,19.234,0.0092929
2.7949,20.002,0.0096682
2.8408,20.789,0.010055
2.8862,21.596,0.010454
2.9312,22.422,0.010866
2.9757,23.269,0.011292
3.0197,24.135,0.011732
3.0633,25.022,0.012186
3.1063,25.929,0.012657
3.1488,26.857,0.013145
3.1908,27.806,0.01365
3.2322,28.776,0.014175
3.2731,29.767,0.01472
3.3135,30.78,0.015287
3.3533,31.814,0.015878
3.3925,32.87,0.016494
3.4312,33.948,0.017137
3.4693,35.049,0.01781
3.5068,36.171,0.018514
3.5438,37.315,0.019254
3.5801,38.482,0.020031
3.6159,39.671,0.02085
3.6511,40.883,0.021714
3.6857,42.117,0.022629
3.7196,43.374,0.023599
3.7531,44.653,0.024631
3.7859,45.956,0.02573
3.8181,47.281,0.026907
3.8498,48.628,0.028169
3.8809,49.999,0.029528
3.9115,51.392,0.030996
3.9416,52.808,0.032589
3.9712,54.246,0.034324
4.0003,55.707,0.036224
4.029,57.19,0.038313
4.0573,58.696,0.040626
4.0852,60.224,0.043199
4.1129,61.775,0.046083
4.1403,63.347,0.04934
4.1676,64.942,0.053047
4.1949,66.558,0.05731
4.2223,68.196,0.062263
4.2501,69.855,0.068093
4.2785,71.536,0.075057
4.3079,73.238,0.083523
4.3388,74.961,0.094038
4.3722,76.705,0.10745
4.4093,78.469,0.12514
4.4527,80.254,0.14955
4.5071,82.058,0.18539
4.583,83.883,0.24313
4.7093,85.727,0.35164
5.0051,87.591,0.63007
7.3037,89.473,2.9117
-176.72,88.624,178.87
-176.05,86.704,179.52
-175.86,84.766,179.7
-175.77,82.81,179.78
-175.71,80.835,179.82
-175.66,78.844,179.85
-175.62,76.835,179.87
-175.59,74.81,179.89
-175.57,72.768,179.9
-175.55,70.711,179.91
-175.52,68.637,179.92
-175.5,66.548,179.92
-175.49,64.444,179.93
-175.47,62.326,179.93
-175.45,60.193,179.94
-175.44,58.046,179.94
-175.42,55.885,179.94
-175.41,53.711,179.95
-175.39,51.525,179.95
-175.38,49.325,179.95
-175.36,47.114,179.95
-175.35,44.891,179.95
-175.34,42.657,179.96
-175.32,40.412,179.96
-175.31,38.156,179.96
-175.3,35.89,179.96
-175.29,33.614,179.96
-175.27,31.329,179.96
-175.26,29.035,179.96
-175.25,26.732,179.96
-175.24,24.421,179.96
-175.23,22.102,179.96
-175.21,19.776,179.96
-175.2,17.443,179.96
-175.19,15.103,179.96
-175.18,12.756,179.96
-175.17,10.404,179.96
-175.16,8.0459,179.96
-175.15,5.6826,179.96
-175.13,3.3145,179.96
-175.12,0.94183,179.96
-175.11,-1.435,179.96
-175.1,-3.8158,179.96
-175.09,-6.2001,179.96
-175.08,-8.5876,179.96
-175.06,-10.978,179.96
-175.05,-13.371,179.96
-175.04,-15.766,179.96
-175.03,-18.163,179.96
-175.02,-20.562,179.96
-175,-22.963,179.96
-174.99,-25.365,179.96
-174.98,-27.767,179.96
-174.97,-30.17,179.95
-174.95,-32.574,179.95
-174.94,-34.978,179.95
-174.92,-37.382,179.95
-174.91,-39.785,179.95
-174.89,-42.189,179.95
-174.88,-44.591,179.94
-174.86,-46.993,179.94
-174.85,-49.394,179.94
-174.83,-51.794,179.93
-174.81,-54.193,179.93
-174.79,-56.59,179.92
-174.77,-58.986,179.92
-174.75,-61.38,179.91
-174.73,-63.772,179.9
-174.7,-66.163,179.89
-174.67,-68.552,179.88
-174.64,-70.938,179.86
-174.61,-73.323,179.85
-174.56,-75.705,179.82
-174.51,-78.085,179.78
-174.43,-80.463,179.73
-174.32,-82.839,179.63
-174.11,-85.212,179.45
-173.54,-87.583,178.89
-130.4,-89.932,135.77
4.2189,-87.682,1.1765
4.8296,-85.318,0.58864
5.0462,-82.957,0.39572
5.1667,-80.598,0.30006
5.2495,-78.242,0.24307
5.3143,-75.888,0.20537
5.3693,-73.536,0.17867
5.4187,-71.187,0.15885
5.465,-68.84,0.14362
5.5095,-66.496,0.13161
5.5533,-64.154,0.12195
5.5971,-61.814,0.11406
5.6412,-59.477,0.10754
5.6862,-57.143,0.1021
5.7321,-54.811,0.097539
5.7794,-52.482,0.093695
5.828,-50.156,0.090448
5.8847,-47.875,0.087953
5.9288,-45.63,0.085553
5.9718,-43.44,0.084319
6.0124,-41.329,0.085094
6.0479,-39.306,0.089283
6.0762,-37.372,0.098021
6.0942,-35.526,0.11223
6.0998,-33.764,0.13179
6.0906,-32.083,0.15608
6.0651,-30.475,0.18376
6.022,-28.934,0.21137
5.9625,-27.453,0.23614
5.8874,-26.002,0.25575
5.7969,-24.562,0.26852
5.6912,-23.122,0.27405
5.5708,-21.672,0.27237
5.436,-20.21,0.26418
5.2885,-18.733,0.24952
5.129,-17.241,0.22817
4.9582,-15.739,0.2004
4.7765,-14.228,0.16642
4.584,-12.712,0.12674
4.3808,-11.194,0.082673
4.167,-9.6765,0.03426
3.9426,-8.1636,-0.018868
3.7074,-6.6586,-0.077217
3.4539,-5.1871,-0.15682
3.1086,-3.8802,-0.20546
2.7077,-2.5919,-0.23172
2.2857,-1.2842,-0.26002
1.8539,0.041768,-0.30157
1.4097,1.3763,-0.35803
0.95068,2.7133,-0.43074
0.47449,4.0468,-0.52041
-0.020973,5.3718,-0.6288
-0.53777,6.6838,-0.75806
-1.0782,7.9802,-0.91064
-1.6441,9.258,-1.0887
-2.2428,10.506,-1.2671
-2.6612,11.621,-1.5434
-2.9873,12.672,-1.8822
-3.2755,13.702,-2.262
-3.5595,14.732,-2.6694
-3.8599,15.772,-3.0982
-4.1895,16.823,-3.545
-4.5558,17.887,-4.0096
-4.9627,18.961,-4.4921
-5.4118,20.042,-4.9929
-5.9035,21.127,-5.5119
-6.4373,22.214,-6.0513
-7.0116,23.3,-6.6106
-7.6247,24.385,-7.1923
-8.2747,25.465,-7.7986
-8.9597,26.54,-8.4307
-9.678,27.608,-9.089
-10.428,28.668,-9.7738
-11.238,29.71,-10.529
-11.871,30.634,-11.066
-12.407,31.499,-11.482
-12.896,32.336,-11.834
-13.369,33.165,-12.163
-13.849,33.994,-12.494
-14.347,34.826,-12.845
-14.884,35.635,-13.25
-15.903,35.572,-13.886
-16.803,34.89,-14.474
-17.603,33.793,-14.963
-18.806,32.847,-15.351
-20.169,32.02,-15.596
-21.578,31.276,-15.698
-22.972,30.586,-15.668
-24.316,29.925,-15.522
-25.592,29.275,-15.27
-26.79,28.618,-14.928
-27.91,27.945,-14.503
-28.945,27.24,-13.992
-29.857,26.528,-13.483
-30.73,25.905,-13.384
-30.651,25.522,-12.743
-30.027,25.333,-11.769
-29.106,25.267,-10.541
-28.202,25.294,-9.4062
-27.275,25.389,-8.3269
-26.336,25.51,-7.2612
-25.404,25.671,-6.2381
-24.833,26.042,-5.7857
-24.456,26.419,-5.6761
-24.123,26.709,-5.7363
-23.737,26.611,-5.8493
-23.243,26.26,-5.9142
-22.912,25.95,-6.0695
-22.646,25.706,-6.2461
-22.467,25.507,-6.4684
-22.499,25.39,-6.7746
-22.659,25.354,-7.1404
-22.644,25.334,-7.3237
-22.365,25.308,-7.3931
-21.929,25.293,-7.3981
-21.404,25.236,-7.3331
-20.984,25.204,-7.2462
-20.667,25.224,-7.1842
-20.425,25.316,-7.1418
-19.959,25.426,-6.9512
-19.34,25.566,-6.6487
-18.743,26.043,-6.3935
-18.187,26.662,-6.1877
-17.527,27.147,-5.9469
-16.793,27.471,-5.6742
-16.018,27.71,-5.4086
-15.191,27.864,-5.0931
-14.546,28.115,-4.8099
-13.876,28.394,-4.4381
-13.198,28.737,-3.9913
-12.525,29.107,-3.5259
-11.874,29.492,-3.0773
-11.2,29.865,-2.5837
-10.491,30.272,-2.0599
-9.726,30.694,-1.4611
-9.1765,31.065,-1.0008
-8.773,31.4,-0.63508
-8.452,31.709,-0.2995
-8.1948,31.977,-0.0026336
-7.9506,32.229,0.3107
-7.7058,32.468,0.64836
-7.4522,32.691,1.0151
-7.1863,32.896,1.4126
-6.9134,33.069,1.8253
-6.6594,33.319,2.1643
-6.4964,33.614,2.42
-6.3723,33.913,2.6678
-6.2585,34.158,2.9477
-6.1502,34.361,3.2487
-6.0604,34.504,3.5223
-5.938,34.684,3.7572
-5.8138,34.892,3.9541
-5.7206,35.118,4.1137
-5.6567,35.35,4.2463
-5.6066,35.577,4.3694
-5.5479,35.77,4.5077
-5.4748,35.933,4.6659
-5.3842,36.072,4.8445
-5.2736,36.184,5.0442
-5.1437,36.265,5.2565
-4.9976,36.366,5.4526
-4.8384,36.475,5.6463
-4.6645,36.548,5.859
-4.4784,36.582,6.0791
-4.2742,36.63,6.2959
-4.0763,36.65,6.5104
-3.8783,36.673,6.7012
-3.6762,36.701,6.8887
-3.4751,36.698,7.0833
-3.2748,36.671,7.2797
-3.0848,36.661,7.4411
-2.9213,36.672,7.5543
-2.7838,36.696,7.6329
-2.6682,36.727,7.6876
-2.5693,36.762,7.7265
-2.4841,36.798,7.7539
-2.4089,36.834,7.7729
-2.34,36.871,7.7865
-2.2735,36.906,7.7979
-2.2093,36.939,7.8075
-2.1458,36.972,7.8157
-2.0817,37.003,7.8237
-2.0164,37.033,7.832
-1.9488,37.062,7.8415
-1.8808,37.089,7.851
-1.8123,37.115,7.8605
-1.7436,37.141,7.8694
-1.6611,37.159,7.8853
-1.5799,37.178,7.9009
-1.501,37.199,7.9159
-1.4234,37.221,7.9303
-1.3461,37.245,7.9449
-1.2686,37.269,7.9602
-1.1896,37.292,7.977
-1.1109,37.316,7.9943
-1.0322,37.341,8.0117
-0.95394,37.366,8.0289
-0.86323,37.383,8.0527
-0.77395,37.403,8.0764
-0.68727,37.424,8.0994
-0.60223,37.448,8.1216
-0.51782,37.472,8.1439
-0.43251,37.497,8.1675
-0.34809,37.521,8.1912
-0.264,37.547,8.2148
-0.17952,37.573,8.2389
-0.094375,37.599,8.2638
-0.0084804,37.625,8.2895
0.079075,37.651,8.3167
0.16621,37.677,8.3442
0.25333,37.703,8.3716
0.34099,37.729,8.3994
0.43038,37.755,8.4287
0.51934,37.78,8.4582
0.60832,37.806,8.4875
0.69787,37.833,8.5172
0.78818,37.859,8.5475
0.87924,37.886,8.5786
0.97196,37.911,8.6111
1.0641,37.937,8.6437
1.1561,37.963,8.6759
1.2486,37.99,8.7086
1.3426,38.016,8.7425
1.4361,38.042,8.7764
1.5294,38.068,8.81
1.6231,38.094,8.8439
1.7175,38.121,8.8784
1.8125,38.148,8.9134
1.9091,38.174,8.9498
2.0049,38.2,8.9861
2.1005,38.226,9.022
2.1964,38.253,9.0581
2.2928,38.279,9.0948
2.3908,38.305,9.1327
2.488,38.332,9.1704
2.585,38.358,9.2077
2.6822,38.385,9.2452
2.78,38.411,9.2832
2.8794,38.437,9.3225
2.9779,38.463,9.3616
3.0762,38.49,9.4002
3.1748,38.516,9.439
3.274,38.543,9.4783
3.3747,38.569,9.5189
3.4746,38.595,9.5592
3.5741,38.621,9.599
3.674,38.647,9.6391
3.7744,38.674,9.6796
3.8754,38.7,9.7205
3.9779,38.726,9.7628
4.0793,38.752,9.8046
4.1805,38.778,9.8459
4.2819,38.804,9.8874
4.3837,38.83,9.9293
4.4872,38.856,9.9726
4.5896,38.881,10.015
4.6918,38.907,10.058
4.7942,38.933,10.1
4.8971,38.959,10.143
5.0005,38.985,10.186
5.1055,39.01,10.231
5.2094,39.035,10.275
5.3129,39.061,10.318
5.4167,39.087,10.362
5.5209,39.112,10.406
5.6267,39.137,10.452
5.7314,39.162,10.496
5.8359,39.188,10.541
5.9406,39.213,10.585
6.0457,39.238,10.63
6.1514,39.264,10.675
6.2586,39.288,10.722
6.3646,39.313,10.768
6.4703,39.338,10.814
6.5762,39.363,10.859
6.6826,39.388,10.905
6.7906,39.413,10.953
6.8974,39.437,10.999
7.0039,39.462,11.046
7.1106,39.486,11.092
7.2178,39.511,11.139
7.3255,39.536,11.186
7.4349,39.56,11.235
7.5429,39.584,11.282
7.6505,39.608,11.33
7.7584,39.633,11.377
7.8668,39.657,11.425
7.9768,39.68,11.474
8.0855,39.704,11.522
8.1939,39.728,11.57
8.3026,39.752,11.618
8.4117,39.776,11.667
8.5213,39.8,11.716
8.6326,39.823,11.766
8.7425,39.847,11.816
8.852,39.87,11.865
8.9618,39.894,11.914
9.0719,39.918,11.963
9.1826,39.941,12.013
9.2949,39.964,12.065
9.4057,39.987,12.115
9.5162,40.01,12.165
9.6269,40.033,12.215
9.738,40.056,12.265
9.851,40.079,12.317
9.9624,40.101,12.368
10.074,40.124,12.418
10.185,40.147,12.469
10.297,40.17,12.52
10.409,40.192,12.571
10.523,40.214,12.624
10.636,40.236,12.676
10.748,40.259,12.728
10.861,40.281,12.779
10.973,40.303,12.831
11.087,40.326,12.883
11.202,40.347,12.937
11.315,40.369,12.99
11.428,40.391,13.042
11.542,40.413,13.095
11.655,40.434,13.147
11.77,40.456,13.2
11.886,40.477,13.255
12,40.498,13.309
12.114,40.52,13.362
12.228,40.541,13.415
12.343,40.563,13.468
12.459,40.583,13.523
12.574,40.604,13.577
12.688,40.625,13.631
12.803,40.646,13.684
12.918,40.667,13.738
13.034,40.688,13.793
13.152,40.708,13.849
13.267,40.728,13.904
13.383,40.749,13.958
13.499,40.769,14.013
13.615,40.79,14.068
13.731,40.81,14.123
13.85,40.829,14.181
13.966,40.849,14.236
14.083,40.869,14.291
14.199,40.89,14.347
14.316,40.91,14.402
14.435,40.928,14.46
14.552,40.948,14.516
14.669,40.968,14.571
14.786,40.987,14.627
14.903,41.007,14.683
15.021,41.026,14.74
15.141,41.045,14.798
15.259,41.064,14.855
15.377,41.083,14.911
15.495,41.102,14.968
15.613,41.121,15.025
15.732,41.14,15.083
15.851,41.158,15.141
15.97,41.177,15.199
16.089,41.195,15.256
16.208,41.214,15.314
16.326,41.232,15.37
16.445,41.251,15.428
16.564,41.27,15.486
16.683,41.288,15.544
16.803,41.306,15.602
16.922,41.324,15.66
17.041,41.342,15.717
17.161,41.36,15.775
17.28,41.378,15.834
17.4,41.396,15.892
17.52,41.413,15.95
17.64,41.431,16.009
17.763,41.447,16.072
17.874,41.462,16.122
17.975,41.477,16.163
18.066,41.492,16.195
18.15,41.507,16.22
18.229,41.522,16.241
18.303,41.539,16.256
18.372,41.556,16.268
18.439,41.575,16.277
18.504,41.594,16.284
18.567,41.614,16.29
18.629,41.634,16.296
18.691,41.655,16.301
18.751,41.676,16.306
18.811,41.698,16.31
18.87,41.72,16.314
18.929,41.742,16.318
18.987,41.766,16.321
19.044,41.789,16.325
19.101,41.812,16.328
19.157,41.836,16.331
19.213,41.86,16.334
19.268,41.884,16.336
19.323,41.908,16.339
19.378,41.933,16.341
19.431,41.958,16.343
19.485,41.982,16.345
19.538,42.008,16.347
19.591,42.033,16.349
19.643,42.058,16.35
19.695,42.084,16.352
19.747,42.109,16.354
19.799,42.135,16.356
19.85,42.161,16.357
19.901,42.187,16.359
19.952,42.213,16.36
20.003,42.239,16.362
20.053,42.265,16.363
20.103,42.292,16.365
20.153,42.318,16.366
20.203,42.345,16.368
20.252,42.372,16.369
20.302,42.398,16.371
20.351,42.425,16.372
20.399,42.452,16.373
20.457,42.462,16.375
20.505,42.45,16.408
20.522,42.455,16.415
20.517,42.475,16.403
20.492,42.506,16.375
20.449,42.546,16.333
20.391,42.592,16.279
20.318,42.644,16.214
20.231,42.699,16.137
20.131,42.757,16.051
20.019,42.817,15.955
19.894,42.879,15.85
19.758,42.943,15.736
19.611,43.007,15.614
19.452,43.072,15.484
19.284,43.138,15.347
19.105,43.205,15.202
18.917,43.271,15.05
18.719,43.338,14.891
18.511,43.404,14.725
18.295,43.471,14.554
18.07,43.537,14.376
17.836,43.603,14.193
17.594,43.668,14.004
17.343,43.733,13.809
17.085,43.797,13.61
16.818,43.861,13.405
16.544,43.923,13.195
16.262,43.985,12.981
15.973,44.046,12.763
15.676,44.106,12.54
15.373,44.165,12.312
15.061,44.223,12.081
14.743,44.279,11.846
14.418,44.334,11.607
14.086,44.388,11.364
13.748,44.44,11.118
13.402,44.491,10.869
13.05,44.54,10.616
12.691,44.587,10.36
12.326,44.633,10.101
11.955,44.677,9.8394
11.577,44.72,9.5748
11.193,44.76,9.3076
10.802,44.799,9.0377
10.405,44.835,8.7654
10.003,44.87,8.4908
9.5938,44.902,8.2139
9.1789,44.932,7.9349
8.7579,44.961,7.6539
8.3311,44.987,7.3709
7.8983,45.01,7.0861
7.4596,45.032,6.7996
7.0151,45.051,6.5114
6.5649,45.068,6.2217
6.1088,45.082,5.9306
5.6471,45.094,5.6382
5.1797,45.104,5.3445
4.7067,45.111,5.0497
4.2281,45.115,4.7539
3.7439,45.117,4.4571
3.2543,45.117,4.1595
2.7591,45.113,3.8612
2.2585,45.107,3.5623
1.7526,45.099,3.2628
1.2412,45.088,2.963
0.72459,45.074,2.6628
0.20267,45.057,2.3623
-0.32449,45.037,2.0618
-0.85684,45.015,1.7612
-1.3943,44.99,1.4607
-1.937,44.962,1.1604
-2.4846,44.931,0.86041
-3.0373,44.897,0.5608
-3.595,44.861,0.2617
-4.1576,44.822,-0.036793
-4.7251,44.779,-0.33457
-5.2974,44.734,-0.63152
-5.8745,44.686,-0.92754
-6.4563,44.635,-1.2225
-7.0428,44.582,-1.5164
-7.634,44.525,-1.809
-8.2297,44.465,-2.1002
-8.83,44.403,-2.3899
-9.4348,44.337,-2.6781
-10.044,44.269,-2.9646
-10.658,44.198,-3.2492
-11.275,44.124,-3.532
-11.897,44.047,-3.8127
-12.524,43.967,-4.0913
-13.154,43.884,-4.3677
-13.789,43.799,-4.6417
-14.427,43.711,-4.9133
-15.07,43.62,-5.1822
-15.717,43.526,-5.4486
-16.367,43.43,-5.7121
-17.021,43.33,-5.9727
-17.679,43.229,-6.2303
-18.34,43.124,-6.4849
-19.006,43.017,-6.7362
-19.674,42.907,-6.9842
-20.347,42.795,-7.2288
-21.022,42.681,-7.4699
-21.701,42.564,-7.7073
-22.384,42.444,-7.9411
-23.069,42.323,-8.171
-23.758,42.198,-8.397
-24.45,42.072,-8.619
-25.145,41.944,-8.8369
-25.843,41.813,-9.0506
-26.544,41.68,-9.2601
-27.248,41.546,-9.4651
-27.955,41.409,-9.6657
-28.664,41.271,-9.8618
-29.377,41.13,-10.053
-30.092,40.988,-10.24
-30.809,40.845,-10.422
-31.53,40.699,-10.599
-32.252,40.552,-10.771
-32.978,40.404,-10.938
-33.705,40.255,-11.1
-34.435,40.104,-11.257
-35.168,39.952,-11.409
-35.902,39.799,-11.556
-36.639,39.644,-11.697
-37.378,39.489,-11.832
-38.119,39.333,-11.963
-38.862,39.177,-12.088
-39.607,39.019,-12.207
-40.354,38.861,-12.321
-41.103,38.703,-12.429
-41.854,38.544,-12.531
-42.607,38.385,-12.628
-43.361,38.226,-12.719
-44.118,38.067,-12.804
-44.876,37.907,-12.883
-45.635,37.748,-12.957
-46.396,37.589,-13.025
-47.159,37.431,-13.087
-47.923,37.273,-13.142
-48.689,37.115,-13.193
-49.456,36.958,-13.237
-50.225,36.802,-13.275
-50.995,36.647,-13.307
-51.766,36.493,-13.333
-52.539,36.34,-13.353
-53.313,36.187,-13.368
-54.088,36.037,-13.376
-54.864,35.887,-13.378
-55.641,35.739,-13.375
-56.419,35.593,-13.365
-57.198,35.449,-13.35
-57.979,35.306,-13.328
-58.76,35.165,-13.301
-59.542,35.026,-13.268
-60.325,34.889,-13.229
-61.109,34.755,-13.184
-61.893,34.623,-13.133
-62.678,34.493,-13.077
-63.464,34.365,-13.014
-64.251,34.241,-12.946
-65.038,34.119,-12.872
-65.825,33.999,-12.793
-66.614,33.883,-12.708
-67.402,33.77,-12.617
-68.191,33.659,-12.521
-68.981,33.552,-12.419
-69.77,33.448,-12.311
-70.56,33.347,-12.198
-71.35,33.25,-12.08
-72.14,33.156,-11.957
-72.931,33.065,-11.828
-73.721,32.979,-11.693
-74.512,32.895,-11.554
-75.302,32.816,-11.409
-76.093,32.74,-11.259
-76.883,32.669,-11.104
-77.673,32.601,-10.944
-78.463,32.537,-10.78
-79.252,32.477,-10.61
-80.042,32.422,-10.435
-80.83,32.37,-10.255
-81.619,32.323,-10.071
-82.407,32.28,-9.8821
-83.194,32.241,-9.6884
-83.981,32.207,-9.4901
-84.767,32.177,-9.2872
-85.553,32.151,-9.0799
-86.337,32.13,-8.8681
-87.121,32.113,-8.652
-87.904,32.101,-8.4315
-88.686,32.093,-8.2068
-89.468,32.09,-7.9778
-90.248,32.092,-7.7447
-91.027,32.098,-7.5075
-91.805,32.108,-7.2662
-92.582,32.123,-7.021
-93.358,32.143,-6.7718
-94.132,32.168,-6.5187
-94.905,32.197,-6.2618
-95.677,32.231,-6.0021
-96.442,32.274,-5.7354
-97.197,32.351,-5.4595
-97.938,32.476,-5.1728
-98.659,32.658,-4.8736
-99.356,32.901,-4.5604
-100.02,33.208,-4.2315
-100.65,33.579,-3.8853
-101.24,34.01,-3.52
-101.77,34.498,-3.134
-102.25,35.037,-2.7252
-102.65,35.616,-2.293
-102.98,36.205,-1.8335
-103.23,36.78,-1.3382
-103.38,37.308,-0.80294
-103.44,37.784,-0.22684
-103.42,38.202,0.38823
-103.32,38.597,1.0284
-103.13,38.957,1.6964
-102.85,39.271,2.4149
-102.48,39.506,3.1749
-102.05,39.661,3.9549
-101.52,39.78,4.8039
-101.01,39.817,5.6217
-100.55,39.756,6.5018
-100.11,39.593,7.433
-99.681,39.381,8.4056
-99.261,39.128,9.4046
-98.843,38.845,10.422
-98.433,38.515,11.443
-98.022,38.161,12.468
-97.612,37.778,13.491
-97.196,37.369,14.517
-96.782,36.922,15.539
-96.369,36.441,16.554
-95.958,35.928,17.56
-95.55,35.383,18.555
-95.154,34.822,19.524
-94.739,34.265,20.346
-94.316,33.702,21.045
-93.896,33.12,21.648
-93.487,32.506,22.176
-93.094,31.852,22.646
-92.722,31.156,23.068
-92.372,30.418,23.452
-92.043,29.64,23.804
-91.735,28.824,24.136
-91.451,27.979,24.447
-91.196,27.098,24.715
-90.967,26.179,24.97
-90.748,25.238,25.197
-90.538,24.277,25.398
-90.332,23.296,25.582
-90.134,22.312,25.736
-89.925,21.333,25.883
-89.707,20.352,26.025
-89.486,19.363,26.159
-89.267,18.364,26.283
-89.053,17.351,26.408
-88.851,16.327,26.519
-88.661,15.288,26.609
-88.485,14.234,26.703
-88.313,13.165,26.785
-88.145,12.081,26.858
-87.977,10.992,26.917
-87.807,9.8923,26.961
-87.645,8.7831,27.005
-87.483,7.663,27.039
-87.316,6.5369,27.064
-87.15,5.3962,27.076
-86.98,4.2485,27.081
-86.807,3.0924,27.075
-86.635,1.9184,27.059
-86.465,0.74135,27.032
-86.292,-0.44378,26.993
-86.115,-1.6388,26.942
-85.939,-2.853,26.878
-85.77,-4.0753,26.807
-85.596,-5.3038,26.718
-85.419,-6.5413,26.617
-85.238,-7.7882,26.501
-85.054,-9.0459,26.369
-84.868,-10.317,26.222
-84.68,-11.597,26.059
-84.487,-12.889,25.88
-84.291,-14.192,25.683
-84.093,-15.506,25.469
-83.89,-16.83,25.236
-83.682,-18.165,24.984
-83.467,-19.51,24.712
-83.248,-20.871,24.421
-83.029,-22.244,24.117
-82.798,-23.622,23.783
-82.559,-25.007,23.424
-82.307,-26.403,23.037
-82.043,-27.809,22.619
-81.766,-29.224,22.17
-81.474,-30.65,21.689
-81.166,-32.085,21.174
-80.839,-33.529,20.618
-80.493,-34.984,20.025
-80.126,-36.45,19.39
-79.736,-37.928,18.713
-79.321,-39.416,17.989
-78.877,-40.915,17.216
-78.4,-42.424,16.388
-77.886,-43.942,15.499
-77.329,-45.469,14.543
-76.74,-47.001,13.528
-76.106,-48.54,12.443
-75.418,-50.085,11.276
-74.664,-51.638,10.017
-73.836,-53.198,8.6546
-72.922,-54.766,7.1772
-71.91,-56.338,5.5691
-70.787,-57.919,3.8196
-69.536,-59.506,1.9115
-68.137,-61.097,-0.17521
-66.567,-62.691,-2.4648
-64.773,-64.264,-5.0122
-61.729,-63.076,-8.5057
-60.733,-61.49,-9.9735
-60.187,-60.295,-10.746
-59.904,-59.51,-11.137
-59.686,-58.996,-11.391
-59.467,-58.663,-11.605
-59.206,-58.455,-11.842
-58.93,-58.319,-12.078
-58.616,-58.221,-12.346
-58.247,-58.154,-12.665
-57.833,-58.104,-13.026
-57.388,-58.057,-13.416
-56.921,-58.016,-13.826
-56.438,-57.98,-14.248
-55.949,-57.961,-14.673
-55.439,-57.945,-15.109
-54.912,-57.931,-15.553
-54.365,-57.911,-16.011
-53.814,-57.895,-16.473
-53.257,-57.883,-16.938
-52.697,-57.883,-17.403
-52.117,-57.882,-17.878
-51.515,-57.872,-18.366
-50.901,-57.865,-18.864
-50.293,-57.862,-19.354
-49.687,-57.862,-19.84
-49.078,-57.874,-20.325
-48.594,-57.914,-20.696
-48.163,-58.033,-21.015
-47.764,-58.208,-21.299
-47.391,-58.428,-21.551
-47.062,-58.672,-21.752
-46.774,-58.875,-21.945
-46.513,-59.045,-22.127
-46.268,-59.207,-22.303
-45.916,-59.413,-22.578
-45.45,-59.623,-22.958
-45.017,-59.752,-23.321
-44.59,-59.835,-23.684
-44.167,-59.915,-24.045
-43.647,-60.044,-24.487
-43.032,-60.188,-25.004
-42.537,-60.302,-25.4
-42.082,-60.407,-25.755
-41.587,-60.549,-26.11
-41.064,-60.725,-26.461
-40.541,-60.932,-26.79
-40.035,-61.142,-27.086
-39.56,-61.304,-27.391
-39.051,-61.486,-27.708
-38.55,-61.67,-28
-38.086,-61.83,-28.291
-37.532,-61.982,-28.659
-37.054,-62.092,-28.976
-36.582,-62.187,-29.297
-36.084,-62.334,-29.615
-35.492,-62.478,-30.015
-34.973,-62.591,-30.368
-34.488,-62.724,-30.662
-34.034,-62.831,-30.95
-33.555,-62.961,-31.243
-33.059,-63.107,-31.538
-32.554,-63.266,-31.833
-32.04,-63.406,-32.123
-31.557,-63.573,-32.423
-31.199,-63.675,-32.658
-30.914,-63.738,-32.848
-30.644,-63.805,-33.051
-30.41,-63.881,-33.227
-30.199,-63.943,-33.391
-29.989,-63.987,-33.554
-29.779,-64.02,-33.717
-29.567,-64.045,-33.882
-29.351,-64.075,-34.05
-29.134,-64.126,-34.217
-28.925,-64.18,-34.369
-28.725,-64.217,-34.516
-28.534,-64.245,-34.66
-28.341,-64.279,-34.81
-28.14,-64.332,-34.964
-27.935,-64.379,-35.115
-27.715,-64.406,-35.297
-27.481,-64.43,-35.502
-27.266,-64.454,-35.679
-27.093,-64.497,-35.823
-26.907,-64.551,-35.978
-26.748,-64.567,-36.111
-26.612,-64.58,-36.227
-26.487,-64.594,-36.347
-26.323,-64.631,-36.498
-26.139,-64.679,-36.662
-25.933,-64.727,-36.844
-25.777,-64.747,-36.988
-25.635,-64.765,-37.123
-25.478,-64.796,-37.269
-25.309,-64.823,-37.424
-25.173,-64.84,-37.552
-25.034,-64.858,-37.681
-24.894,-64.872,-37.817
-24.763,-64.888,-37.945
-24.635,-64.901,-38.072
-24.512,-64.914,-38.193
-24.387,-64.913,-38.314
-24.263,-64.919,-38.443
-24.151,-64.926,-38.569
-24.064,-64.934,-38.673
-24.005,-64.95,-38.755
-23.956,-64.954,-38.827
-23.911,-64.954,-38.897
-23.86,-64.952,-38.974
-23.8,-64.94,-39.063
-23.723,-64.947,-39.17
-23.595,-64.945,-39.338
-23.52,-64.938,-39.449
-23.477,-64.93,-39.526
-23.45,-64.924,-39.586
-23.427,-64.92,-39.641
-23.407,-64.915,-39.694
-23.386,-64.909,-39.746
-23.37,-64.901,-39.794
-23.342,-64.889,-39.851
-23.295,-64.874,-39.926
-23.235,-64.856,-40.012
-23.158,-64.84,-40.116
-23.107,-64.829,-40.199
-23.071,-64.821,-40.267
-23.042,-64.84,-40.331
-22.947,-64.85,-40.468
-22.901,-64.853,-40.553
-22.885,-64.856,-40.606
-22.874,-64.855,-40.652
-22.862,-64.851,-40.696
-22.847,-64.846,-40.742
-22.835,-64.836,-40.785
-22.8,-64.824,-40.845
-22.747,-64.809,-40.92
-22.669,-64.796,-41.019
-22.611,-64.785,-41.103
-22.573,-64.772,-41.168
-22.519,-64.758,-41.246
-22.439,-64.746,-41.348
-22.383,-64.734,-41.432
-22.345,-64.751,-41.503
-22.235,-64.755,-41.654
-22.181,-64.756,-41.747
-22.152,-64.752,-41.813
-22.135,-64.747,-41.867
-22.122,-64.74,-41.915
-22.109,-64.732,-41.963
-22.103,-64.721,-42.002
-22.077,-64.708,-42.057
-22.032,-64.693,-42.126
-21.958,-64.705,-42.221
-21.801,-64.702,-42.408
-21.711,-64.695,-42.529
-21.669,-64.689,-42.606
-21.649,-64.682,-42.662
-21.638,-64.674,-42.71
-21.63,-64.666,-42.755
-21.634,-64.654,-42.787
-21.602,-64.669,-42.852
-21.481,-64.665,-43.01
-21.414,-64.658,-43.115
-21.378,-64.648,-43.188
-21.359,-64.638,-43.246
-21.347,-64.627,-43.296
-21.355,-64.613,-43.327
-21.325,-64.628,-43.388
-21.202,-64.624,-43.549
-21.136,-64.616,-43.654
-21.105,-64.606,-43.726
-21.092,-64.595,-43.78
-21.107,-64.58,-43.806
-21.1,-64.565,-43.844
-21.059,-64.581,-43.912
-20.916,-64.578,-44.087
-20.846,-64.571,-44.195
-20.819,-64.562,-44.264
-20.814,-64.553,-44.312
-20.842,-64.538,-44.328
-20.843,-64.525,-44.36
-20.806,-64.542,-44.423
-20.654,-64.539,-44.602
-20.581,-64.533,-44.71
-20.555,-64.525,-44.778
-20.576,-64.51,-44.8
-20.576,-64.496,-44.833
-20.559,-64.482,-44.877
-20.513,-64.5,-44.945
-20.358,-64.498,-45.13
-20.299,-64.492,-45.23
-20.295,-64.483,-45.282
-20.341,-64.467,-45.288
-20.356,-64.452,-45.312
-20.334,-64.469,-45.363
-20.211,-64.459,-45.514
-20.088,-64.451,-45.658
-20.061,-64.441,-45.726
-20.105,-64.423,-45.734
-20.114,-64.407,-45.762
-20.087,-64.424,-45.818
-19.955,-64.413,-45.977
-19.836,-64.406,-46.118
-19.829,-64.397,-46.171
-19.896,-64.377,-46.165
-19.915,-64.392,-46.189
-19.818,-64.377,-46.328
-19.739,-64.359,-46.436
-19.643,-64.346,-46.555
-19.672,-64.322,-46.577
-19.667,-64.3,-46.62
-19.629,-64.307,-46.686
-19.471,-64.298,-46.879
-19.483,-64.298,-46.927
-19.588,-64.317,-46.898
-19.549,-64.3,-47.007
-19.533,-64.272,-47.07
-19.449,-64.233,-47.178
-19.363,-64.21,-47.269
-19.289,-64.205,-47.34
-19.231,-64.214,-47.394
-19.187,-64.233,-47.434
-19.136,-64.249,-47.483
-19.081,-64.262,-47.537
-19.023,-64.272,-47.594
-18.965,-64.281,-47.653
-18.906,-64.289,-47.713
-18.847,-64.296,-47.773
-18.788,-64.303,-47.834
-18.729,-64.309,-47.895
-18.674,-64.318,-47.952
-18.623,-64.327,-48.006
-18.57,-64.335,-48.063
-18.516,-64.341,-48.121
-18.46,-64.346,-48.181
-18.407,-64.352,-48.239
-18.356,-64.358,-48.295
-18.304,-64.362,-48.353
-18.252,-64.365,-48.412
-18.199,-64.368,-48.471
-18.148,-64.371,-48.529
-18.097,-64.374,-48.587
-18.047,-64.377,-48.645
-17.998,-64.38,-48.702
-17.948,-64.382,-48.759
-17.898,-64.384,-48.818
-17.847,-64.386,-48.876
-17.797,-64.387,-48.935
-17.747,-64.389,-48.993
-17.697,-64.39,-49.051
-17.647,-64.392,-49.109
-17.597,-64.393,-49.167
-17.547,-64.394,-49.226
-17.498,-64.395,-49.284
-17.449,-64.396,-49.341
-17.399,-64.398,-49.399
-17.35,-64.398,-49.457
-17.301,-64.399,-49.514
-17.252,-64.399,-49.572
-17.202,-64.4,-49.63
-17.153,-64.4,-49.688
-17.103,-64.401,-49.746
-17.054,-64.402,-49.804
-17.005,-64.402,-49.862
-16.956,-64.403,-49.919
-16.906,-64.404,-49.977
-16.857,-64.404,-50.035
-16.807,-64.404,-50.093
-16.758,-64.404,-50.15
-16.709,-64.405,-50.208
-16.661,-64.405,-50.265
-16.611,-64.406,-50.323
-16.562,-64.406,-50.38
-16.513,-64.406,-50.438
-16.464,-64.406,-50.496
-16.415,-64.406,-50.553
-16.366,-64.406,-50.61
-16.317,-64.406,-50.668
-16.269,-64.406,-50.725
-16.22,-64.406,-50.782
-16.171,-64.406,-50.839
-16.173,-64.386,-50.83
-16.696,-64.193,-50.354
-17.545,-63.88,-49.59
-18.577,-63.485,-48.673
-19.693,-63.037,-47.694
-20.826,-62.558,-46.716
-21.935,-62.066,-45.779
-22.994,-61.571,-44.907
-23.989,-61.085,-44.113
-24.914,-60.614,-43.402
-25.766,-60.163,-42.777
-26.546,-59.737,-42.238
-27.255,-59.338,-41.781
-27.896,-58.968,-41.403
-28.473,-58.629,-41.102
-28.988,-58.322,-40.873
-29.443,-58.048,-40.714
-29.842,-57.806,-40.621
-30.187,-57.597,-40.59
-30.478,-57.421,-40.621
-30.719,-57.277,-40.709
-30.91,-57.166,-40.854
-31.052,-57.087,-41.054
-31.146,-57.04,-41.306
-31.192,-57.024,-41.611
-31.191,-57.038,-41.967
-31.141,-57.082,-42.373
-31.043,-57.156,-42.83
-30.897,-57.258,-43.337
-30.7,-57.388,-43.894
-30.452,-57.544,-44.502
-30.152,-57.727,-45.161
-29.798,-57.935,-45.872
-29.388,-58.167,-46.637
-28.92,-58.422,-47.456
-28.392,-58.699,-48.332
-27.801,-58.996,-49.267
-27.145,-59.312,-50.262
-26.419,-59.646,-51.32
-25.621,-59.996,-52.444
-24.747,-60.361,-53.637
-23.794,-60.738,-54.903
-22.756,-61.125,-56.244
-21.631,-61.52,-57.664
-20.412,-61.921,-59.168
-19.096,-62.326,-60.76
-17.678,-62.73,-62.443
-16.153,-63.132,-64.223
-14.517,-63.528,-66.102
-12.765,-63.915,-68.085
-10.894,-64.288,-70.175
-8.8998,-64.644,-72.375
-6.7815,-64.977,-74.685
-4.5376,-65.285,-77.108
-2.1688,-65.561,-79.641
0.3226,-65.802,-82.282
2.9321,-66.001,-85.026
5.653,-66.154,-87.865
8.4761,-66.257,-90.791
11.39,-66.304,-93.79
14.38,-66.291,-96.849
17.43,-66.214,-99.951
20.523,-66.07,-103.08
23.64,-65.855,-106.21
26.761,-65.569,-109.33
29.868,-65.209,-112.41
32.942,-64.775,-115.44
35.968,-64.266,-118.4
38.929,-63.684,-121.28
41.815,-63.03,-124.06
44.616,-62.306,-126.74
47.325,-61.513,-129.3
49.936,-60.654,-131.74
52.447,-59.732,-134.05
54.857,-58.749,-136.24
57.167,-57.71,-138.31
59.38,-56.615,-140.25
61.498,-55.468,-142.07
63.526,-54.273,-143.78
65.467,-53.031,-145.37
67.327,-51.746,-146.86
69.111,-50.419,-148.23
70.824,-49.053,-149.51
72.471,-47.652,-150.69
74.057,-46.215,-151.78
75.588,-44.747,-152.78
77.068,-43.249,-153.7
78.502,-41.722,-154.53
79.893,-40.169,-155.29
81.248,-38.592,-155.97
82.569,-36.992,-156.59
83.86,-35.372,-157.13
85.126,-33.732,-157.61
86.369,-32.075,-158.02
87.593,-30.402,-158.37
88.802,-28.715,-158.66
89.998,-27.016,-158.89
91.184,-25.306,-159.06
92.364,-23.587,-159.17
93.54,-21.86,-159.23
94.715,-20.128,-159.23
95.891,-18.393,-159.17
97.072,-16.655,-159.06
98.259,-14.918,-158.9
99.455,-13.182,-158.68
100.66,-11.45,-158.41
101.88,-9.7241,-158.08
103.12,-8.0061,-157.69
104.38,-6.2982,-157.25
105.66,-4.6027,-156.75
106.96,-2.9218,-156.2
108.28,-1.2582,-155.58
109.63,0.38592,-154.91
111.02,2.0078,-154.18
112.43,3.6047,-153.38
113.88,5.1739,-152.52
115.36,6.7126,-151.61
116.88,8.2177,-150.62
118.44,9.6862,-149.58
120.03,11.115,-148.46
121.67,12.501,-147.29
123.36,13.841,-146.04
125.08,15.131,-144.74
126.85,16.368,-143.36
128.67,17.549,-141.92
130.52,18.671,-140.42
132.42,19.73,-138.86
134.36,20.723,-137.23
136.34,21.647,-135.55
138.36,22.499,-133.81
140.42,23.276,-132.02
142.5,23.977,-130.18
144.61,24.598,-128.29
146.75,25.139,-126.37
148.9,25.596,-124.42
151.07,25.97,-122.43
153.24,26.26,-120.43
155.41,26.465,-118.41
157.58,26.585,-116.38
159.74,26.621,-114.35
161.88,26.575,-112.32
164,26.446,-110.3
166.09,26.238,-108.3
168.15,25.952,-106.32
170.18,25.591,-104.37
172.16,25.157,-102.44
174.09,24.653,-100.55
175.98,24.082,-98.7
177.81,23.448,-96.89
179.6,22.754,-95.123
-178.68,22.002,-93.402
-177,21.197,-91.727
-175.39,20.342,-90.1
-173.83,19.44,-88.521
-172.33,18.494,-86.991
-170.88,17.507,-85.508
-169.49,16.483,-84.074
-168.15,15.423,-82.686
-166.87,14.332,-81.345
-165.64,13.211,-80.049
-164.46,12.065,-78.797
-163.34,10.896,-77.589
-162.26,9.7054,-76.423
-161.23,8.4965,-75.298
-160.26,7.2709,-74.212
-159.32,6.0304,-73.165
-158.43,4.7767,-72.154
-157.59,3.5112,-71.179
-156.78,2.2352,-70.237
-156.01,0.94985,-69.328
-155.28,-0.34391,-68.449
-154.58,-1.6452,-67.6
-153.92,-2.9531,-66.78
-153.28,-4.2671,-65.986
-152.68,-5.5865,-65.218
-152.11,-6.9109,-64.474
-151.56,-8.2397,-63.754
-151.03,-9.5727,-63.055
-150.53,-10.909,-62.378
-150.05,-12.25,-61.72
-149.59,-13.593,-61.082
-149.15,-14.94,-60.461
-148.73,-16.289,-59.858
-148.33,-17.641,-59.27
-147.94,-18.996,-58.699
-147.57,-20.354,-58.142
-147.21,-21.714,-57.599
-146.86,-23.077,-57.069
-146.52,-24.443,-56.552
-146.2,-25.811,-56.047
-145.88,-27.181,-55.554
-145.57,-28.554,-55.073
-145.27,-29.93,-54.601
-144.98,-31.308,-54.141
-144.69,-32.689,-53.69
-144.41,-34.073,-53.249
-144.14,-35.459,-52.818
-143.86,-36.849,-52.396
-143.59,-38.241,-51.984
-143.29,-39.677,-51.637
-142.94,-41.102,-51.342
-142.53,-42.509,-51.092
-142.07,-43.89,-50.897
-141.54,-45.24,-50.772
-140.92,-46.553,-50.734
-140.18,-47.838,-50.833
-139.3,-49.093,-51.093
-138.28,-50.349,-51.509
-136.7,-51.856,-52.306
-134.72,-53.492,-53.385
-132.46,-55.178,-54.704
-129.95,-56.86,-56.244
-127.25,-58.5,-57.998
-124.36,-60.075,-59.959
-121.32,-61.567,-62.118
-118.11,-62.969,-64.484
-114.73,-64.277,-67.058
-111.19,-65.485,-69.844
-107.47,-66.595,-72.844
-103.59,-67.6,-76.049
-99.54,-68.5,-79.461
-95.325,-69.291,-83.068
-90.958,-69.971,-86.855
-86.459,-70.538,-90.802
-81.854,-70.99,-94.877
-77.18,-71.326,-99.043
-72.48,-71.546,-103.26
-67.786,-71.652,-107.48
-63.149,-71.646,-111.67
-58.635,-71.536,-115.76
-54.282,-71.329,-119.71
-50.124,-71.031,-123.47
-46.296,-70.679,-126.9
-42.938,-70.482,-129.98
-39.747,-70.353,-132.97
-36.653,-70.244,-135.91
-33.646,-70.115,-138.81
-30.706,-69.95,-141.65
-27.818,-69.732,-144.47
-24.987,-69.454,-147.24
-22.187,-69.093,-149.99
-19.455,-68.654,-152.67
-16.861,-68.161,-155.23
-14.398,-67.612,-157.65
-12.064,-67.008,-159.96
-9.8396,-66.341,-162.16
-7.7549,-65.632,-164.22
-5.8012,-64.885,-166.15
-3.9569,-64.085,-167.97
-2.2378,-63.26,-169.67
-0.63114,-62.406,-171.25
0.87432,-61.527,-172.74
2.2921,-60.607,-174.13
3.6182,-59.67,-175.43
4.8614,-58.713,-176.64
6.0291,-57.738,-177.77
7.1294,-56.747,-178.83
8.1674,-55.728,-179.81
9.1451,-54.698,179.28
10.091,-53.645,178.43
10.896,-52.643,177.7
11.688,-51.78,176.87
12.432,-50.974,176.03
13.081,-50.191,175.25
13.62,-49.372,174.61
14.065,-48.511,174.11
14.428,-47.601,173.72
14.72,-46.648,173.44
14.99,-45.666,173.23
14.532,-44.767,173.23
13.712,-43.97,173.19
12.869,-43.354,172.81
11.936,-42.899,172.33
11.077,-42.583,172.01
10.203,-42.283,171.87
9.2807,-41.966,171.94
8.351,-41.605,172.14
7.4465,-41.187,172.42
6.5441,-40.747,172.77
5.6423,-40.293,173.16
4.7545,-39.833,173.55
3.9135,-39.371,173.92
3.1214,-38.9,174.28
2.3433,-38.419,174.66
1.5513,-37.942,175.07
0.73016,-37.477,175.52
-0.11092,-37.034,176
-0.88161,-36.752,176.3
-1.6195,-36.58,176.51
-2.3609,-36.475,176.68
-3.1332,-36.366,176.86
-3.9385,-36.283,177.06
-4.792,-36.201,177.29
-5.7027,-36.101,177.58
-6.6669,-35.968,177.88
-7.5299,-35.147,178.24
-8.2705,-33.817,178.66
-8.8853,-32.187,179.14
-10.272,-29.678,-179.56
-12.862,-26.949,-177.67
-15.613,-25.494,-176.35
-18.349,-24.789,-175.36
-21.03,-24.554,-174.6
-23.627,-24.604,-173.99
-26.119,-24.648,-173.41
-28.516,-24.673,-172.84
-30.803,-24.666,-172.27
-33.002,-24.688,-171.71
-35.132,-24.729,-171.2
-37.113,-24.73,-170.7
-38.878,-24.732,-170.26
-40.464,-24.704,-169.86
-41.829,-24.664,-169.53
-43.099,-24.628,-169.24
-44.299,-24.57,-169.01
-45.393,-24.472,-168.83
-46.369,-24.361,-168.67
-47.287,-24.25,-168.58
-48.112,-24.104,-168.54
-48.838,-23.943,-168.52
-49.529,-23.78,-168.55
-50.128,-23.565,-168.66
-50.628,-23.302,-168.81
-51.09,-23.035,-169
-51.498,-22.764,-169.21
-51.61,-22.631,-169.43
-51.588,-22.595,-169.6
-51.405,-22.555,-169.81
-51.201,-22.527,-169.98
-51.031,-22.635,-170.14
-50.852,-22.738,-170.3
-50.741,-22.779,-170.45
-50.661,-22.807,-170.59
-50.572,-22.861,-170.74
-50.479,-22.887,-170.89
-50.358,-22.944,-171.04
-50.235,-23.017,-171.2
-50.122,-23.05,-171.34
-50.065,-23.11,-171.42
-50.048,-23.182,-171.48
-50.056,-23.261,-171.51
-50.083,-23.343,-171.54
-50.084,-23.439,-171.58
-50.075,-23.542,-171.63
-50.059,-23.646,-171.68
-50.038,-23.766,-171.73
-50.011,-23.9,-171.79
-49.978,-24.038,-171.85
-49.939,-24.182,-171.91
-49.897,-24.327,-171.98
-49.851,-24.476,-172.05
-49.803,-24.623,-172.12
-49.754,-24.771,-172.18
-49.704,-24.918,-172.25
-49.652,-25.065,-172.32
-49.6,-25.212,-172.38
-49.546,-25.359,-172.45
-49.493,-25.504,-172.52
-49.437,-25.648,-172.58
-49.381,-25.791,-172.65
-49.303,-25.902,-172.73
-49.219,-25.984,-172.8
-49.079,-26.05,-172.88
-48.949,-26.099,-172.97
-48.822,-26.134,-173.06
-48.679,-26.169,-173.17
-48.523,-26.203,-173.3
-48.375,-26.226,-173.41
-48.233,-26.238,-173.51
-48.038,-26.25,-173.62
-47.787,-26.267,-173.77
-47.581,-26.276,-173.9
-47.409,-26.283,-174.01
-47.255,-26.288,-174.11
-47.109,-26.29,-174.19
-46.917,-26.293,-174.3
-46.701,-26.332,-174.41
-46.535,-26.381,-174.49
-46.404,-26.434,-174.55
-46.295,-26.487,-174.61
-46.202,-26.537,-174.65
-46.082,-26.593,-174.69
-45.925,-26.655,-174.76
-45.81,-26.711,-174.81
-45.721,-26.761,-174.85
-45.648,-26.807,-174.89
-45.584,-26.849,-174.92
-45.525,-26.889,-174.95
-45.472,-26.926,-174.97
-45.389,-26.967,-175.01
-45.315,-27.006,-175.04
-45.255,-27.043,-175.07
-45.203,-27.078,-175.1
-45.157,-27.11,-175.12
-45.117,-27.141,-175.14
-45.049,-27.177,-175.17
-44.996,-27.21,-175.19
-44.953,-27.24,-175.22
-44.917,-27.27,-175.24
-44.887,-27.298,-175.25
-44.861,-27.325,-175.27
-44.832,-27.351,-175.29
-44.807,-27.377,-175.3
-44.785,-27.403,-175.31
-44.763,-27.428,-175.33
-44.743,-27.452,-175.34
-44.723,-27.477,-175.35
-44.703,-27.501,-175.36
-44.683,-27.525,-175.38
-44.663,-27.55,-175.39
-44.644,-27.574,-175.4
-44.626,-27.598,-175.41
-44.607,-27.622,-175.42
-44.589,-27.646,-175.43
-44.57,-27.67,-175.44
-44.552,-27.694,-175.45
-44.534,-27.718,-175.47
-44.516,-27.742,-175.48
-44.498,-27.766,-175.49
-44.48,-27.79,-175.5
-44.461,-27.814,-175.51
-44.439,-27.838,-175.53
-44.419,-27.863,-175.54
-44.4,-27.887,-175.55
-44.383,-27.911,-175.56
-44.365,-27.936,-175.57
-44.347,-27.96,-175.58
-44.329,-27.984,-175.6
-44.311,-28.008,-175.61
-44.296,-28.031,-175.62
-44.284,-28.054,-175.62
-44.275,-28.076,-175.63
-44.268,-28.097,-175.64
-44.261,-28.118,-175.64
-44.252,-28.139,-175.65
-44.245,-28.161,-175.65
-44.239,-28.182,-175.66
-44.235,-28.203,-175.66
-44.231,-28.223,-175.67
-44.228,-28.244,-175.67
-44.225,-28.264,-175.67
-44.222,-28.285,-175.68
-44.216,-28.305,-175.68
-44.211,-28.326,-175.69
-44.208,-28.347,-175.69
-44.206,-28.367,-175.7
-44.203,-28.388,-175.7
-44.201,-28.408,-175.7
-44.199,-28.428,-175.71
-44.197,-28.449,-175.71
-44.191,-28.469,-175.72
-44.187,-28.49,-175.72
-44.184,-28.511,-175.72
-44.182,-28.531,-175.73
-44.18,-28.552,-175.73
-44.178,-28.572,-175.74
-44.175,-28.593,-175.74
-44.173,-28.613,-175.74
-44.167,-28.634,-175.75
-44.163,-28.655,-175.75
-44.159,-28.675,-175.76
-44.157,-28.696,-175.76
-44.154,-28.717,-175.77
-44.151,-28.737,-175.77
-44.148,-28.758,-175.78
-44.145,-28.779,-175.78
-44.137,-28.8,-175.79
-44.131,-28.821,-175.79
-44.126,-28.843,-175.8
-44.122,-28.864,-175.8
-44.119,-28.885,-175.81
-44.115,-28.905,-175.81
-44.111,-28.926,-175.82
-44.107,-28.947,-175.82
-44.099,-28.969,-175.83
-44.092,-28.99,-175.84
-44.087,-29.011,-175.84
-44.083,-29.033,-175.85
-44.078,-29.054,-175.85
-44.073,-29.075,-175.86
-44.068,-29.096,-175.86
-44.059,-29.118,-175.87
-44.052,-29.139,-175.88
-44.046,-29.161,-175.88
-44.04,-29.183,-175.89
-44.035,-29.204,-175.9
-44.029,-29.225,-175.9
-44.023,-29.247,-175.91
-44.013,-29.269,-175.92
-44.005,-29.291,-175.92
-43.996,-29.313,-175.93
-43.989,-29.335,-175.94
-43.981,-29.357,-175.95
-43.974,-29.378,-175.95
-43.967,-29.4,-175.96
-43.955,-29.423,-175.97
-43.946,-29.445,-175.98
-43.937,-29.467,-175.99
-43.929,-29.489,-175.99
-43.918,-29.512,-176
-43.906,-29.535,-176.01
-43.888,-29.559,-176.02
-43.873,-29.583,-176.03
-43.859,-29.606,-176.04
-43.847,-29.629,-176.05
-43.835,-29.652,-176.06
-43.823,-29.675,-176.07
-43.807,-29.698,-176.08
-43.793,-29.721,-176.1
-43.781,-29.744,-176.11
-43.77,-29.767,-176.12
-43.759,-29.79,-176.12
-43.748,-29.812,-176.13
-43.733,-29.835,-176.14
-43.72,-29.858,-176.15
-43.709,-29.881,-176.16
-43.699,-29.903,-176.17
-43.688,-29.926,-176.18
-43.677,-29.949,-176.19
-43.662,-29.972,-176.2
-43.65,-29.995,-176.21
-43.638,-30.017,-176.22
-43.627,-30.04,-176.23
-43.616,-30.063,-176.24
-43.605,-30.085,-176.25
-43.59,-30.109,-176.26
-43.577,-30.132,-176.28
-43.564,-30.155,-176.29
-43.551,-30.178,-176.3
-43.539,-30.201,-176.31
-43.527,-30.224,-176.32
-43.511,-30.247,-176.33
-43.497,-30.27,-176.34
-43.485,-30.293,-176.35
-43.473,-30.316,-176.36
-43.461,-30.339,-176.37
-43.449,-30.362,-176.38
-43.433,-30.386,-176.4
-43.419,-30.409,-176.41
-43.406,-30.432,-176.42
-43.394,-30.455,-176.43
-43.382,-30.478,-176.44
-43.369,-30.501,-176.45
-43.352,-30.524,-176.46
-43.338,-30.548,-176.48
-43.324,-30.571,-176.49
-43.31,-30.594,-176.5
-43.296,-30.618,-176.51
-43.278,-30.641,-176.53
-43.264,-30.665,-176.54
-43.25,-30.688,-176.55
-43.237,-30.711,-176.56
-43.224,-30.735,-176.57
-43.21,-30.758,-176.58
-43.192,-30.781,-176.6
-43.177,-30.805,-176.61
-43.163,-30.828,-176.62
-43.149,-30.852,-176.64
-43.135,-30.875,-176.65
-43.117,-30.899,-176.66
-43.101,-30.922,-176.68
-43.087,-30.946,-176.69
-43.071,-30.969,-176.7
-43.056,-30.993,-176.71
-43.041,-31.016,-176.73
-43.022,-31.04,-176.74
-43.005,-31.064,-176.76
-42.989,-31.088,-176.77
-42.974,-31.112,-176.78
-42.959,-31.135,-176.8
-42.94,-31.159,-176.81
-42.923,-31.183,-176.82
-42.907,-31.207,-176.84
-42.892,-31.23,-176.85
-42.877,-31.254,-176.86
-42.857,-31.278,-176.88
-42.84,-31.302,-176.9
-42.824,-31.325,-176.91
-42.806,-31.349,-176.92
-42.79,-31.373,-176.94
-42.768,-31.397,-176.95
-42.75,-31.422,-176.97
-42.733,-31.446,-176.98
-42.717,-31.469,-177
-42.7,-31.493,-177.01
-42.679,-31.517,-177.03
-42.661,-31.542,-177.05
-42.643,-31.566,-177.06
-42.627,-31.589,-177.07
-42.613,-31.613,-177.09
-42.6,-31.636,-177.1
-42.583,-31.66,-177.12
-42.568,-31.683,-177.13
-42.554,-31.706,-177.14
-42.539,-31.73,-177.16
-42.524,-31.753,-177.17
-42.504,-31.777,-177.19
-42.486,-31.801,-177.2
-42.469,-31.824,-177.22
-42.453,-31.848,-177.23
-42.426,-31.858,-177.25
-42.427,-31.918,-177.26
-42.453,-32.018,-177.26
-42.497,-32.147,-177.25
-42.559,-32.299,-177.23
-42.636,-32.467,-177.21
-42.726,-32.647,-177.18
-42.829,-32.836,-177.14
-42.944,-33.032,-177.11
-43.07,-33.233,-177.06
-43.206,-33.438,-177.02
-43.352,-33.647,-176.97
-43.508,-33.857,-176.91
-43.672,-34.07,-176.86
-43.846,-34.285,-176.8
-44.027,-34.501,-176.74
-44.216,-34.719,-176.67
-44.413,-34.938,-176.6
-44.618,-35.159,-176.53
-44.829,-35.381,-176.46
-45.047,-35.604,-176.38
-45.272,-35.828,-176.3
-45.503,-36.054,-176.22
-45.74,-36.282,-176.14
-45.982,-36.51,-176.05
-46.231,-36.74,-175.96
-46.485,-36.971,-175.87
-46.744,-37.204,-175.78
-47.009,-37.438,-175.68
-47.278,-37.673,-175.59
-47.553,-37.91,-175.49
-47.832,-38.149,-175.39
-48.116,-38.389,-175.29
-48.405,-38.63,-175.18
-48.698,-38.873,-175.08
-48.995,-39.117,-174.97
-49.297,-39.363,-174.86
-49.602,-39.61,-174.75
-49.912,-39.859,-174.63
-50.226,-40.11,-174.52
-50.544,-40.362,-174.4
-50.866,-40.616,-174.28
-51.192,-40.871,-174.16
-51.522,-41.128,-174.04
-51.855,-41.386,-173.91
-52.193,-41.646,-173.79
-52.534,-41.908,-173.66
-52.879,-42.171,-173.53
-53.227,-42.436,-173.39
-53.58,-42.703,-173.26
-53.936,-42.971,-173.12
-54.296,-43.241,-172.98
-54.66,-43.512,-172.84
-55.027,-43.785,-172.7
-55.398,-44.06,-172.55
-55.774,-44.336,-172.4
-56.152,-44.614,-172.25
-56.535,-44.893,-172.09
-56.922,-45.174,-171.94
-57.313,-45.457,-171.78
-57.707,-45.741,-171.62
-58.106,-46.027,-171.45
-58.509,-46.314,-171.28
-58.916,-46.603,-171.11
-59.327,-46.894,-170.94
-59.742,-47.186,-170.76
-60.162,-47.479,-170.58
-60.586,-47.774,-170.39
-61.015,-48.071,-170.2
-61.448,-48.369,-170.01
-61.886,-48.668,-169.81
-62.329,-48.969,-169.61
-62.776,-49.271,-169.41
-63.229,-49.574,-169.2
-63.687,-49.879,-168.99
-64.15,-50.185,-168.77
-64.618,-50.492,-168.55
-65.092,-50.801,-168.32
-65.571,-51.111,-168.09
-66.057,-51.421,-167.85
-66.548,-51.734,-167.61
-67.045,-52.047,-167.36
-67.548,-52.361,-167.11
-68.058,-52.676,-166.85
-68.574,-52.993,-166.58
-69.097,-53.31,-166.31
-69.627,-53.628,-166.03
-70.164,-53.947,-165.75
-70.709,-54.266,-165.45
-71.261,-54.587,-165.15
-71.82,-54.908,-164.85
-72.388,-55.23,-164.53
-72.964,-55.552,-164.21
-73.548,-55.875,-163.88
-74.142,-56.198,-163.54
-74.744,-56.521,-163.19
-75.355,-56.845,-162.83
-75.976,-57.169,-162.47
-76.607,-57.493,-162.09
-77.248,-57.817,-161.7
-77.9,-58.142,-161.31
-78.562,-58.466,-160.9
-79.236,-58.789,-160.48
-79.921,-59.113,-160.05
-80.618,-59.436,-159.61
-81.327,-59.759,-159.16
-82.049,-60.08,-158.69
-82.784,-60.402,-158.21
-83.533,-60.722,-157.72
-84.295,-61.041,-157.21
-85.072,-61.359,-156.69
-85.864,-61.676,-156.15
-86.67,-61.992,-155.6
-87.493,-62.306,-155.03
-88.332,-62.618,-154.45
-89.188,-62.929,-153.85
-90.061,-63.237,-153.23
-90.952,-63.543,-152.59
-91.861,-63.847,-151.94
-92.789,-64.148,-151.26
-93.736,-64.447,-150.57
-94.703,-64.742,-149.86
-95.691,-65.034,-149.12
-96.7,-65.323,-148.37
-97.73,-65.608,-147.59
-98.783,-65.89,-146.79
-99.858,-66.167,-145.97
-100.96,-66.44,-145.13
-102.08,-66.708,-144.26
-103.22,-66.971,-143.36
-104.39,-67.229,-142.45
-105.59,-67.482,-141.5
-106.81,-67.728,-140.53
-108.06,-67.969,-139.54
-109.33,-68.203,-138.52
-110.63,-68.431,-137.47
-111.95,-68.651,-136.4
-113.3,-68.864,-135.29
-114.68,-69.069,-134.17
-116.08,-69.266,-133.01
-117.51,-69.455,-131.83
-118.97,-69.634,-130.63
-120.45,-69.805,-129.39
-121.96,-69.966,-128.14
-123.48,-70.117,-126.86
-125.04,-70.258,-125.55
-126.61,-70.389,-124.22
-128.21,-70.508,-122.87
-129.83,-70.617,-121.5
-131.46,-70.713,-120.11
-133.12,-70.799,-118.7
-134.79,-70.872,-117.28
-136.47,-70.932,-115.84
-138.17,-70.981,-114.39
-139.87,-71.016,-112.93
-141.59,-71.039,-111.46
-143.31,-71.048,-109.98
-145.04,-71.045,-108.5
-146.76,-71.028,-107.02
-148.49,-70.997,-105.53
-150.22,-70.954,-104.05
-151.94,-70.897,-102.57
-153.65,-70.826,-101.1
-155.36,-70.742,-99.635
-157.05,-70.645,-98.181
-158.74,-70.535,-96.739
-160.41,-70.412,-95.312
-162.06,-70.276,-93.9
-163.69,-70.127,-92.505
-165.31,-69.965,-91.129
-166.9,-69.792,-89.773
-168.48,-69.606,-88.439
-170.03,-69.409,-87.127
-171.56,-69.2,-85.838
-173.06,-68.979,-84.573
-174.54,-68.748,-83.333
-175.99,-68.506,-82.119
-177.42,-68.254,-80.93
-178.82,-67.991,-79.767
179.81,-67.719,-78.63
178.46,-67.437,-77.52
177.14,-67.145,-76.436
175.85,-66.845,-75.378
174.58,-66.536,-74.347
173.34,-66.219,-73.341
172.12,-65.893,-72.361
170.93,-65.56,-71.407
169.77,-65.219,-70.477
168.63,-64.87,-69.572
167.52,-64.515,-68.691
166.42,-64.153,-67.834
165.36,-63.784,-67
164.31,-63.408,-66.189
163.29,-63.027,-65.4
162.29,-62.639,-64.632
161.31,-62.246,-63.886
160.35,-61.847,-63.16
159.41,-61.443,-62.454
158.49,-61.034,-61.767
157.59,-60.62,-61.1
156.71,-60.204,-60.45
155.84,-59.788,-59.814
154.97,-59.369,-59.185
154.11,-58.944,-58.559
153.24,-58.51,-57.928
152.35,-58.063,-57.287
151.45,-57.602,-56.63
150.52,-57.123,-55.954
149.58,-56.624,-55.258
148.61,-56.103,-54.541
147.62,-55.569,-53.81
146.63,-55.015,-53.062
145.64,-54.454,-52.303
144.51,-53.956,-51.425
143.31,-53.489,-50.479
142.08,-53.038,-49.501
140.84,-52.595,-48.51
139.6,-52.16,-47.512
138.36,-51.734,-46.512
137.13,-51.316,-45.512
135.91,-50.909,-44.514
134.7,-50.514,-43.518
133.51,-50.116,-42.538
132.21,-49.681,-41.474
130.83,-49.233,-40.347
129.41,-48.78,-39.18
127.94,-48.317,-37.967
126.45,-47.858,-36.73
124.96,-47.416,-35.492
123.51,-46.995,-34.266
122.1,-46.599,-33.071
120.73,-46.224,-31.911
119.41,-45.866,-30.786
118.13,-45.522,-29.699
116.91,-45.189,-28.652
115.73,-44.864,-27.646
114.6,-44.547,-26.684
113.51,-44.234,-25.769
112.48,-43.925,-24.902
111.49,-43.618,-24.086
110.55,-43.311,-23.323
109.65,-43.002,-22.612
108.81,-42.689,-21.957
108,-42.37,-21.356
107.23,-42.048,-20.782
106.36,-41.639,-20.101
105.47,-41.239,-19.374
104.6,-40.896,-18.641
103.75,-40.6,-17.916
102.95,-40.347,-17.212
102.18,-40.124,-16.535
101.46,-39.924,-15.887
100.78,-39.742,-15.267
100.14,-39.574,-14.675
99.522,-39.418,-14.112
98.938,-39.273,-13.576
98.38,-39.139,-13.064
97.846,-39.013,-12.578
97.335,-38.894,-12.116
96.842,-38.784,-11.676
96.377,-38.676,-11.271
95.923,-38.584,-10.878
95.486,-38.496,-10.507
95.065,-38.412,-10.16
94.662,-38.334,-9.8372
94.272,-38.263,-9.5359
93.898,-38.199,-9.2562
93.537,-38.141,-8.9982
93.19,-38.091,-8.7614
92.857,-38.047,-8.5484
92.538,-38.01,-8.359
92.234,-37.98,-8.1933
91.943,-37.958,-8.0506
91.666,-37.945,-7.9301
91.402,-37.94,-7.8325
91.153,-37.944,-7.7604
90.919,-37.957,-7.714
90.7,-37.979,-7.6934
90.497,-38.011,-7.6989
90.309,-38.052,-7.7307
90.136,-38.103,-7.7889
89.978,-38.165,-7.8728
89.837,-38.237,-7.9835
89.712,-38.321,-8.122
89.605,-38.415,-8.2894
89.516,-38.52,-8.4864
89.461,-38.636,-8.7377
89.425,-38.764,-9.0102
89.406,-38.905,-9.3087
89.414,-39.05,-9.6478
89.351,-38.637,-10.04
89.233,-37.813,-10.454
89.08,-36.61,-10.848
88.93,-35.225,-11.226
88.814,-33.782,-11.617
88.741,-32.365,-12.025
88.589,-30.892,-12.343
88.325,-29.891,-12.33
87.985,-29.226,-12.102
87.59,-28.816,-11.746
87.157,-28.609,-11.333
86.697,-28.571,-10.913
86.263,-28.655,-10.554
85.839,-28.852,-10.27
85.415,-29.148,-10.067
84.986,-29.527,-9.9454
84.562,-29.964,-9.9291
84.13,-30.455,-9.9942
83.687,-31.011,-10.138
83.247,-31.612,-10.366
82.809,-32.234,-10.663
82.373,-32.875,-11.022
81.95,-33.538,-11.453
81.516,-34.212,-11.911
81.152,-34.88,-12.455
80.821,-35.544,-13.05
80.512,-36.231,-13.694
80.25,-36.94,-14.433
79.95,-37.642,-15.126
79.563,-38.401,-15.792
79.12,-39.218,-16.446
78.666,-40.078,-17.134
78.171,-40.966,-17.811
77.663,-41.905,-18.502
77.148,-42.893,-19.209
76.645,-43.923,-19.958
76.12,-44.988,-20.702
75.591,-46.082,-21.458
75.054,-47.203,-22.223
74.58,-48.329,-23.076
74.08,-49.414,-23.906
73.381,-50.052,-25.067
72.552,-50.557,-26.392
71.659,-51.118,-27.825
70.677,-51.781,-29.297
69.667,-52.599,-30.81
68.68,-53.599,-32.38
67.761,-54.772,-34.036
67.001,-56.095,-35.842
66.438,-57.542,-37.837
66.11,-59.101,-40.052
65.908,-60.713,-42.405
67.18,-62.143,-45.959
69.452,-63.403,-50.372
72.374,-64.486,-55.363
76.146,-65.219,-61.242
80.353,-65.641,-67.582
83.986,-66.162,-72.834
87.308,-66.67,-77.457
90.437,-67.093,-81.674
93.444,-67.419,-85.623
96.368,-67.662,-89.387
99.283,-67.783,-93.015
102.02,-67.819,-96.397
104.52,-67.758,-99.477
106.77,-67.627,-102.27
108.83,-67.467,-104.82
110.61,-67.252,-107.01
111.73,-67.148,-108.46
112.48,-67.101,-109.49
113.11,-67.071,-110.39
113.65,-67.036,-111.13
114.11,-66.999,-111.76
114.54,-66.959,-112.34
114.95,-66.913,-112.89
115.34,-66.861,-113.4
115.75,-66.797,-113.93
116.14,-66.716,-114.4
116.51,-66.626,-114.82
116.83,-66.532,-115.16
117.14,-66.432,-115.47
117.41,-66.327,-115.72
117.64,-66.222,-115.91
117.83,-66.119,-116.04
117.97,-66.019,-116.11
118.07,-65.923,-116.12
118.13,-65.831,-116.08
118.15,-65.744,-116
118.13,-65.684,-115.84
117.98,-65.645,-115.59
117.74,-65.625,-115.27
117.44,-65.622,-114.89
117.06,-65.635,-114.44
116.63,-65.66,-113.94
116.16,-65.697,-113.38
115.67,-65.744,-112.79
115.15,-65.798,-112.18
114.62,-65.859,-111.55
114.08,-65.978,-110.9
113.66,-66.06,-110.36
113.2,-66.14,-109.77
112.69,-66.224,-109.13
112.14,-66.364,-108.44
111.66,-66.478,-107.82
111.01,-66.539,-107.04
110.24,-66.629,-106.15
109.55,-66.663,-105.32
108.77,-66.679,-104.41
107.94,-66.688,-103.46
107.09,-66.696,-102.48
106.2,-66.759,-101.44
105.37,-66.844,-100.46
104.64,-66.895,-99.598
103.8,-66.886,-98.633
102.9,-66.844,-97.627
101.98,-66.784,-96.607
101.07,-66.714,-95.585
100.16,-66.639,-94.572
99.252,-66.561,-93.558
98.348,-66.483,-92.543
97.443,-66.403,-91.524
96.543,-66.322,-90.505
95.648,-66.24,-89.49
94.751,-66.157,-88.468
93.857,-66.073,-87.445
92.968,-65.986,-86.423
92.073,-65.898,-85.391
91.181,-65.807,-84.356
90.292,-65.714,-83.32
89.399,-65.618,-82.273
88.511,-65.518,-81.224
87.707,-65.442,-80.295
86.965,-65.398,-79.453
86.313,-65.37,-78.711
85.749,-65.358,-78.067
85.26,-65.37,-77.494
84.836,-65.401,-76.99
84.469,-65.45,-76.544
84.148,-65.516,-76.147
83.862,-65.6,-75.784
83.6,-65.698,-75.464
83.369,-65.812,-75.186
83.171,-65.941,-74.951
83.011,-66.083,-74.758
82.887,-66.238,-74.605
82.805,-66.405,-74.497
82.759,-66.584,-74.429
82.748,-66.773,-74.397
82.766,-66.972,-74.399
82.814,-67.18,-74.431
82.886,-67.396,-74.49
82.983,-67.619,-74.576
83.101,-67.848,-74.686
83.241,-68.084,-74.819
83.402,-68.325,-74.975
83.582,-68.571,-75.151
83.781,-68.822,-75.348
83.998,-69.077,-75.563
84.232,-69.336,-75.797
84.483,-69.599,-76.048
84.751,-69.865,-76.316
85.034,-70.134,-76.6
85.327,-70.407,-76.894
85.622,-70.68,-77.189
85.92,-70.954,-77.487
86.222,-71.229,-77.787
86.528,-71.505,-78.091
86.838,-71.781,-78.399
87.155,-72.059,-78.713
87.479,-72.339,-79.034
87.812,-72.62,-79.364
88.155,-72.903,-79.704
88.511,-73.189,-80.055
88.881,-73.476,-80.42
89.259,-73.766,-80.792
89.648,-74.058,-81.176
90.053,-74.353,-81.574
90.476,-74.652,-81.991
90.922,-74.954,-82.43
91.394,-75.26,-82.894
91.894,-75.57,-83.387
92.426,-75.883,-83.912
92.991,-76.201,-84.47
93.593,-76.521,-85.065
94.235,-76.845,-85.7
94.921,-77.173,-86.378
95.649,-77.503,-87.099
96.436,-77.837,-87.879
97.284,-78.174,-88.718
98.196,-78.513,-89.622
99.178,-78.854,-90.596
100.24,-79.198,-91.648
101.39,-79.542,-92.786
102.63,-79.887,-94.021
103.98,-80.233,-95.364
105.46,-80.578,-96.828
107.07,-80.922,-98.428
108.83,-81.264,-100.18
110.77,-81.601,-102.11
112.9,-81.934,-104.23
115.24,-82.261,-106.56
117.82,-82.578,-109.12
120.67,-82.883,-111.97
123.85,-83.173,-115.13
127.35,-83.446,-118.62
131.21,-83.696,-122.46
135.42,-83.919,-126.66
140.01,-84.11,-131.23
144.96,-84.262,-136.17
150.22,-84.372,-141.41
155.73,-84.434,-146.9
161.41,-84.443,-152.57
167.14,-84.398,-158.29
172.81,-84.297,-163.94
178.32,-84.138,-169.43
-176.4,-83.925,-174.69
-171.45,-83.66,-179.62
-166.86,-83.346,175.8
-162.62,-82.988,171.59
-158.76,-82.589,167.75
-155.25,-82.154,164.26
-152.05,-81.686,161.08
-149.16,-81.189,158.22
-146.54,-80.664,155.62
-144.17,-80.112,153.27
-142.01,-79.536,151.14
-140.04,-78.938,149.19
-138.24,-78.319,147.42
-136.59,-77.681,145.8
-135.08,-77.027,144.31
-133.68,-76.353,142.94
-132.39,-75.663,141.68
-131.2,-74.956,140.52
-130.08,-74.233,139.43
-129.04,-73.496,138.42
-128.06,-72.745,137.47
-127.15,-71.979,136.59
-126.3,-71.198,135.76
-125.48,-70.403,134.98
-124.71,-69.595,134.25
-123.99,-68.772,133.55
-123.3,-67.936,132.89
-122.63,-67.085,132.26
-122,-66.222,131.66
-121.4,-65.348,131.09
-120.83,-64.458,130.55
-120.28,-63.556,130.03
-119.75,-62.641,129.54
-119.25,-61.713,129.06
-118.76,-60.774,128.6
-118.29,-59.824,128.16
-117.84,-58.862,127.74
-117.41,-57.888,127.34
-116.98,-56.902,126.94
-116.58,-55.907,126.56
-116.19,-54.9,126.19
-115.81,-53.881,125.84
-115.44,-52.852,125.49
-115.08,-51.814,125.15
-114.73,-50.766,124.83
-114.4,-49.707,124.51
-114.07,-48.639,124.2
-113.75,-47.561,123.89
-113.44,-46.475,123.59
-113.14,-45.38,123.3
-112.84,-44.278,123.01
-112.56,-43.167,122.73
-112.27,-42.04,122.44
-111.68,-41.112,121.97
-110.94,-40.28,121.42
-110.15,-39.53,120.84
-109.36,-38.816,120.27
-108.59,-38.147,119.72
-107.85,-37.5,119.19
-107.16,-36.872,118.72
-106.52,-36.283,118.27
-105.93,-35.724,117.87
-105.38,-35.182,117.5
-104.87,-34.658,117.17
-104.4,-34.15,116.87
-103.97,-33.681,116.59
-103.57,-33.242,116.34
-103.2,-32.829,116.1
-102.86,-32.425,115.9
-102.55,-32.049,115.71
-102.24,-31.667,115.53
-101.96,-31.431,115.31
-101.73,-31.307,115.11
-101.54,-31.257,114.92
-101.45,-31.258,114.78
-101.43,-31.294,114.71
-101.5,-31.348,114.72
-101.55,-31.433,114.72
-101.59,-31.535,114.74
-101.63,-31.644,114.76
-101.68,-31.756,114.79
-101.73,-31.867,114.82
-101.79,-31.978,114.85
-101.85,-32.088,114.89
-101.91,-32.197,114.93
-101.98,-32.305,114.97
-102.04,-32.413,115.02
-102.11,-32.52,115.06
-102.17,-32.623,115.1
-102.23,-32.723,115.14
-102.29,-32.822,115.17
-102.35,-32.918,115.21
-102.41,-33.014,115.24
-102.46,-33.11,115.27
-102.51,-33.202,115.3
-102.53,-33.243,115.3
-102.49,-33.303,115.27
-102.4,-33.377,115.2
-102.28,-33.463,115.12
-102.13,-33.558,115.02
-101.95,-33.661,114.9
-101.76,-33.769,114.78
-101.54,-33.883,114.64
-101.31,-34.001,114.49
-101.06,-34.124,114.34
-100.8,-34.25,114.18
-100.52,-34.38,114.01
-100.23,-34.513,113.83
-99.929,-34.65,113.64
-99.613,-34.79,113.45
-99.285,-34.933,113.25
-98.943,-35.079,113.04
-98.588,-35.229,112.82
-98.218,-35.382,112.6
-97.835,-35.537,112.36
-97.437,-35.696,112.12
-97.024,-35.859,111.87
-96.595,-36.024,111.61
-96.151,-36.192,111.34
-95.69,-36.363,111.06
-95.213,-36.537,110.77
-94.718,-36.713,110.46
-94.206,-36.892,110.15
-93.675,-37.074,109.82
-93.125,-37.258,109.48
-92.556,-37.445,109.13
-91.967,-37.633,108.77
-91.358,-37.824,108.39
-90.727,-38.015,108
-90.074,-38.209,107.59
-89.4,-38.403,107.17
-88.702,-38.599,106.73
-87.981,-38.794,106.28
-87.236,-38.99,105.81
-86.466,-39.186,105.32
-85.67,-39.381,104.82
-84.849,-39.575,104.29
-84.001,-39.768,103.75
-83.126,-39.959,103.19
-82.223,-40.147,102.61
-81.292,-40.332,102.01
-80.333,-40.513,101.38
-79.343,-40.69,100.74
-78.325,-40.862,100.08
-77.276,-41.028,99.392
-76.196,-41.188,98.684
-75.085,-41.341,97.954
-73.943,-41.485,97.201
-72.77,-41.621,96.425
-71.564,-41.747,95.627
-70.327,-41.862,94.806
-69.058,-41.966,93.962
-67.757,-42.057,93.095
-66.425,-42.134,92.206
-65.061,-42.196,91.295
-63.666,-42.243,90.362
-62.241,-42.273,89.409
-60.785,-42.285,88.435
-59.3,-42.278,87.441
-57.786,-42.25,86.428
-56.245,-42.202,85.398
-54.677,-42.131,84.352
-53.083,-42.037,83.29
-51.466,-41.919,82.214
-49.825,-41.775,81.126
-48.163,-41.605,80.027
-46.481,-41.407,78.919
-44.781,-41.182,77.804
-43.064,-40.927,76.684
-41.332,-40.642,75.56
-39.588,-40.327,74.435
-37.832,-39.98,73.31
-36.067,-39.602,72.188
-34.295,-39.192,71.07
-32.517,-38.749,69.96
-30.735,-38.272,68.858
-28.951,-37.763,67.766
-27.166,-37.22,66.688
-25.383,-36.644,65.624
-23.602,-36.034,64.576
-21.826,-35.391,63.546
-20.055,-34.714,62.536
-18.291,-34.004,61.547
-16.536,-33.261,60.58
-14.789,-32.485,59.637
-13.052,-31.676,58.72
-11.326,-30.835,57.828
-9.6117,-29.963,56.964
-7.9093,-29.058,56.128
-6.2194,-28.123,55.321
-4.5421,-27.156,54.544
-2.8777,-26.16,53.796
-1.2261,-25.134,53.08
0.41279,-24.079,52.395
2.0393,-22.995,51.741
3.6536,-21.884,51.12
5.2564,-20.746,50.531
6.8482,-19.582,49.974
8.4296,-18.392,49.451
10.001,-17.177,48.96
11.564,-15.939,48.503
13.119,-14.677,48.079
14.668,-13.394,47.689
16.21,-12.09,47.333
17.748,-10.766,47.011
19.282,-9.422,46.724
20.814,-8.0604,46.471
22.345,-6.6817,46.253
23.877,-5.287,46.071
25.41,-3.8773,45.924
26.946,-2.4539,45.814
28.488,-1.0178,45.74
30.036,0.42981,45.704
31.592,1.8877,45.706
33.158,3.3546,45.746
34.736,4.8293,45.827
36.328,6.3105,45.948
37.936,7.7966,46.11
39.561,9.2864,46.315
41.207,10.778,46.565
42.875,12.271,46.86
44.567,13.762,47.201
46.287,15.251,47.591
48.037,16.735,48.032
49.82,18.212,48.524
51.638,19.681,49.071
53.494,21.139,49.673
55.391,22.585,50.334
57.334,24.015,51.056
59.324,25.428,51.842
61.365,26.82,52.693
63.46,28.189,53.612
65.613,29.531,54.602
67.827,30.845,55.666
70.106,32.126,56.806
72.452,33.37,58.024
74.868,34.575,59.324
77.357,35.736,60.705
79.922,36.849,62.172
82.563,37.911,63.723
85.282,38.916,65.36
88.08,39.861,67.083
90.956,40.741,68.89
93.907,41.552,70.779
96.933,42.289,72.747
100.03,42.949,74.789
103.19,43.526,76.9
106.41,44.019,79.073
109.67,44.423,81.298
112.98,44.736,83.567
116.32,44.955,85.87
119.69,45.079,88.194
123.06,45.108,90.528
126.43,45.039,92.86
129.78,44.875,95.177
133.12,44.616,97.469
136.41,44.264,99.723
139.67,43.821,101.93
142.87,43.29,104.08
146.01,42.675,106.17
149.08,41.978,108.18
152.09,41.204,110.12
155.02,40.357,111.98
157.87,39.441,113.76
160.65,38.46,115.45
163.35,37.418,117.06
165.97,36.32,118.58
168.52,35.169,120.01
170.99,33.97,121.36
173.4,32.726,122.63
175.73,31.441,123.81
178.01,30.118,124.92
-179.78,28.76,125.95
-177.63,27.37,126.91
-175.53,25.952,127.8
-173.48,24.508,128.62
-171.48,23.04,129.37
-169.53,21.552,130.05
-167.61,20.044,130.68
-165.73,18.519,131.25
